your_team,opponent_team,your_pokemon_1,your_pokemon_2,your_pokemon_3,opponent_pokemon_1,opponent_pokemon_2,opponent_pokemon_3
"パオジアン,エルレイド,コノヨザル,ハバタクカミ,ヌメルゴン,ドドゲザン","パオジアン,ディンルー,カイリュー,サーフゴー,ハバタクカミ,ウルガモス",パオジアン,ヌメルゴン,ドドゲザン,パオジアン,ハバタクカミ,ウルガモス
"パオジアン,エルレイド,コノヨザル,ハバタクカミ,ヌメルゴン,ドドゲザン","ソウブレイズ,パオジアン,テツノツツミ,ミミッキュ,ディンルー,デカヌチャン",コノヨザル,ヌメルゴン,パオジアン,ソウブレイズ,ディンルー,ミミッキュ
"パオジアン,エルレイド,コノヨザル,ハバタクカミ,ヌメルゴン,ドドゲザン","ハバタクカミ,テツノツツミ,チオンジェン,ガブリアス,ハッサム,カイリュー",コノヨザル,エルレイド,パオジアン,ガブリアス,ハバタクカミ,Unseen
"エルレイド,ハバタクカミ,カイリュー,ジバコイル,オノノクス,パオジアン","ブロロローム,テツノドクガ,パオジアン,イーユイ,ハバタクカミ,チオンジェン",エルレイド,パオジアン,オノノクス,ハバタクカミ,パオジアン,チオンジェン
"エルレイド,ハバタクカミ,カイリュー,ジバコイル,オノノクス,パオジアン","ハッサム,ウォッシュロトム,ミミッキュ,パオジアン,ハバタクカミ,カイリュー",オノノクス,パオジアン,ジバコイル,ハッサム,ミミッキュ,パオジアン
"エルレイド,ハバタクカミ,カイリュー,ジバコイル,オノノクス,パオジアン","テツノカイナ,ハバタクカミ,アーマーガア,パオジアン,キョジオーン,キノガッサ",エルレイド,ジバコイル,ハバタクカミ,キョジオーン,ハバタクカミ,パオジアン
"エルレイド,ジバコイル,オノノクス,パオジアン,ハバタクカミ,ウォッシュロトム","ウェーニバル,デカヌチャン,タルップル,ジバコイル,グレンアルマ,カイリュー",エルレイド,ウォッシュロトム,オノノクス,デカヌチャン,ウェーニバル,タルップル
"エルレイド,ジバコイル,オノノクス,パオジアン,ハバタクカミ,ウォッシュロトム","サーナイト,パオジアン,ガブリアス,サーフゴー,ヘイラッシャ,ハバタクカミ",ジバコイル,ウォッシュロトム,パオジアン,サーナイト,ハバタクカミ,Unseen
"エルレイド,ジバコイル,オノノクス,パオジアン,ウォッシュロトム,ハバタクカミ","チヲハウハネ,パオジアン,カイリュー,ミミッキュ,サーフゴー,テツノドクガ",ジバコイル,ハバタクカミ,オノノクス,チヲハウハネ,サーフゴー,カイリュー
"ヒスイドレディア,ヒードラン,ハバタクカミ,パオジアン,ウォッシュロトム,霊獣ランドロス","ハバタクカミ,ウーラオス,ヒードラン,ウォッシュロトム,ガチグマ,ヒスイヌメルゴン",ヒスイドレディア,霊獣ランドロス,パオジアン,ウォッシュロトム,ヒードラン,ウーラオス
"ヒスイドレディア,ヒードラン,ハバタクカミ,パオジアン,ウォッシュロトム,霊獣ランドロス","サーフゴー,ガブリアス,パオジアン,ヒードラン,化身ボルトロス,ハバタクカミ",霊獣ランドロス,ヒスイドレディア,パオジアン,化身ボルトロス,サーフゴー,ガブリアス
"フワライド,サーフゴー,ヌメルゴン,テツノドクガ,キノガッサ,ミミズズ","テツノドクガ,イルカマン,ハバタクカミ,ヘイラッシャ,カイリュー,セグレイブ",ヌメルゴン,ミミズズ,キノガッサ,ハバタクカミ,セグレイブ,テツノドクガ
"パオジアン,エルレイド,コノヨザル,ヌメルゴン,ハバタクカミ,ドドゲザン","ヤミラミ,サケブシッポ,バンギラス,シビルドン,ハピナス,パオジアン",パオジアン,コノヨザル,ヌメルゴン,テツノイバラ,ハピナス,Unseen
"パオジアン,エルレイド,コノヨザル,ヌメルゴン,ハバタクカミ,ドドゲザン","パルシェン,ハッサム,サザンドラ,ウインディ,フリージオ,ストリンダー",エルレイド,ハバタクカミ,ドドゲザン,ストリンダー,ウインディ,パルシェン
"パオジアン,エルレイド,コノヨザル,ヌメルゴン,ハバタクカミ,ドドゲザン","カイリュー,サーフゴー,マリルリ,テツノドクガ,イーユイ,パオジアン",コノヨザル,ヌメルゴン,ドドゲザン,マリルリ,テツノドクガ,カイリュー
"パオジアン,エルレイド,コノヨザル,ヌメルゴン,ハバタクカミ,ドドゲザン","ウルガモス,キラフロル,ハッサム,ウォッシュロトム,トドロクツキ,ブラッキー",エルレイド,コノヨザル,パオジアン,キラフロル,ハッサム,トドロクツキ
"エルレイド,ジバコイル,オノノクス,パオジアン,ハバタクカミ,ウォッシュロトム","カイリュー,サーフゴー,ディンルー,ヌメルゴン,パオジアン,ミミッキュ",ウォッシュロトム,オノノクス,エルレイド,パオジアン,ミミッキュ,ヌメルゴン
"エルレイド,ジバコイル,オノノクス,パオジアン,ハバタクカミ,ウォッシュロトム","ガブリアス,コノヨザル,ウォッシュロトム,ハッサム,ハバタクカミ,セグレイブ",エルレイド,ジバコイル,パオジアン,ガブリアス,セグレイブ,ハッサム
"エルレイド,ジバコイル,オノノクス,パオジアン,ハバタクカミ,ウォッシュロトム","ミミッキュ,パオジアン,テツノドクガ,カイリュー,ディンルー,サーフゴー",パオジアン,ジバコイル,オノノクス,パオジアン,カイリュー,ミミッキュ
"エルレイド,ジバコイル,アラブルタケ,パオジアン,ウォッシュロトム,ハバタクカミ","ディンルー,パオジアン,ハバタクカミ,ヘイラッシャ,サーフゴー,ジバコイル",エルレイド,アラブルタケ,ジバコイル,ディンルー,ハバタクカミ,パオジアン
"エルレイド,ジバコイル,アラブルタケ,パオジアン,ウォッシュロトム,ハバタクカミ","ディンルー,カイリュー,ミミッキュ,テツノツツミ,マスカーニャ,サーフゴー",アラブルタケ,ジバコイル,ハバタクカミ,マスカーニャ,カイリュー,ミミッキュ
"エルレイド,ジバコイル,アラブルタケ,パオジアン,ウォッシュロトム,ハバタクカミ","ウォッシュロトム,パオジアン,ドオー,サーフゴー,マスカーニャ,ミミッキュ",エルレイド,ジバコイル,アラブルタケ,マスカーニャ,パオジアン,ドオー
"パオジアン,エルレイド,コノヨザル,ヌメルゴン,ハバタクカミ,ジバコイル","ニンフィア,アーマーガア,テツノドクガ,チオンジェン,パオジアン,ドヒドイデ",エルレイド,ジバコイル,パオジアン,ドヒドイデ,チオンジェン,アーマーガア
"パオジアン,エルレイド,コノヨザル,ヌメルゴン,ハバタクカミ,ジバコイル","ハバタクカミ,カイリュー,パオジアン,サーフゴー,ミミッキュ,イーユイ",エルレイド,ジバコイル,パオジアン,ハバタクカミ,ミミッキュ,カイリュー
"パオジアン,エルレイド,コノヨザル,ヌメルゴン,ハバタクカミ,ジバコイル","ヒートロトム,ディンルー,トドロクツキ,テツノドクガ,ガブリアス,サーフゴー",ヌメルゴン,ジバコイル,パオジアン,ディンルー,ヒートロトム,ガブリアス
"エルレイド,ジバコイル,オノノクス,パオジアン,ハバタクカミ,ウォッシュロトム","カイリュー,マスカーニャ,サーフゴー,パオジアン,ディンルー,ソウブレイズ",エルレイド,ウォッシュロトム,パオジアン,ソウブレイズ,パオジアン,サーフゴー
"エルレイド,ジバコイル,アラブルタケ,パオジアン,ウォッシュロトム,ハバタクカミ","オーロンゲ,カイリュー,セグレイブ,ドータクン,ニンフィア,イーユイ",アラブルタケ,ウォッシュロトム,ハバタクカミ,オーロンゲ,セグレイブ,ニンフィア
"エルレイド,ジバコイル,オノノクス,パオジアン,ハバタクカミ,ウォッシュロトム","ガブリアス,サーフゴー,セグレイブ,ウルガモス,アーマーガア,ウォッシュロトム",パオジアン,ジバコイル,オノノクス,ガブリアス,Unseen,Unseen
"エルレイド,ジバコイル,オノノクス,パオジアン,ハバタクカミ,ウォッシュロトム","ウルガモス,ディンルー,サーフゴー,キョジオーン,トドロクツキ,ミミズズ",エルレイド,ハバタクカミ,ウォッシュロトム,キョジオーン,ウルガモス,サーフゴー
"エルレイド,ジバコイル,アラブルタケ,パオジアン,ウォッシュロトム,ハバタクカミ","サーフゴー,カイリュー,ウォッシュロトム,ドオー,パオジアン,ミミッキュ",アラブルタケ,ウォッシュロトム,パオジアン,カイリュー,パオジアン,Unseen
"エルレイド,ジバコイル,オノノクス,パオジアン,ウォッシュロトム,ハバタクカミ","ウェーニバル,ハバタクカミ,サーフゴー,セグレイブ,ディンルー,ヘイラッシャ",エルレイド,ウォッシュロトム,ジバコイル,ウェーニバル,セグレイブ,Unseen
"エルレイド,ジバコイル,オノノクス,パオジアン,ウォッシュロトム,ハバタクカミ","ヤルキモノ,コータス,キノガッサ,アメモース,ハリテヤマ,マルノーム",エルレイド,ハバタクカミ,パオジアン,キノガッサ,コータス,Unseen
"ヒスイドレディア,ヒードラン,ハバタクカミ,パオジアン,ウォッシュロトム,霊獣ランドロス","サンダー,ハバタクカミ,ヒードラン,オオニューラ,パオジアン,キョジオーン",霊獣ランドロス,ヒスイドレディア,ハバタクカミ,オオニューラ,パオジアン,ヒードラン
"ヒスイドレディア,ヒードラン,ハバタクカミ,パオジアン,ウォッシュロトム,霊獣ランドロス","レジエレキ,ウォッシュロトム,ドラパルト,ウーラオス,ニンフィア,ハッサム",ヒスイドレディア,ヒードラン,ハバタクカミ,レジエレキ,ウォッシュロトム,ドラパルト
"ヒスイドレディア,ヒードラン,ハバタクカミ,パオジアン,ウォッシュロトム,霊獣ランドロス","レジエレキ,ハバタクカミ,オリーヴァ,フワライド,ヘイラッシャ,ミミッキュ",ヒスイドレディア,ヒードラン,ウォッシュロトム,レジエレキ,オリーヴァ,ミミッキュ
"ヒスイドレディア,ハバタクカミ,パオジアン,ヒスイウォーグル,ドラパルト,ヒードラン","ヌオー,ヌメルゴン,オーロンゲ,セグレイブ,イルカマン,ジバコイル",ドラパルト,ヒスイドレディア,ヒードラン,オーロンゲ,ヌオー,セグレイブ
"カイリュー,ヒードラン,ヒスイドレディア,ドラパルト,ハバタクカミ,サーフゴー","ハバタクカミ,テツノドクガ,ドラパルト,ウーラオス,テツノブジン,ソウブレイズ",ドラパルト,ヒードラン,サーフゴー,ソウブレイズ,ドラパルト,ウーラオス
"エルレイド,ハバタクカミ,カイリュー,ジバコイル,コノヨザル,パオジアン","ハッサム,ペルシアン,イルカマン,ドンファン,ミミッキュ,カイリュー",カイリュー,パオジアン,ジバコイル,イルカマン,ドンファン,ミミッキュ
"エルレイド,ハバタクカミ,カイリュー,ジバコイル,コノヨザル,パオジアン","カイリュー,イーユイ,サーフゴー,ミミッキュ,ディンルー,ハッサム",コノヨザル,カイリュー,パオジアン,ハッサム,イーユイ,ミミッキュ
"エルレイド,ハバタクカミ,カイリュー,ジバコイル,コノヨザル,パオジアン","カバルドン,ドドゲザン,テツノドクガ,ハバタクカミ,ウォッシュロトム,カイリュー",コノヨザル,カイリュー,パオジアン,カバルドン,テツノドクガ,ウォッシュロトム
"エルレイド,ハバタクカミ,カイリュー,ジバコイル,コノヨザル,パオジアン","カイリュー,ハバタクカミ,イーユイ,テツノツツミ,キョジオーン,チオンジェン",エルレイド,ハバタクカミ,パオジアン,ハバタクカミ,カイリュー,キョジオーン
"エルレイド,ジバコイル,オノノクス,パオジアン,ハバタクカミ,ウォッシュロトム","ハバタクカミ,アラブルタケ,パオジアン,テツノドクガ,イダイナキバ,ルガルガンたそがれ",エルレイド,パオジアン,ウォッシュロトム,イダイナキバ,アラブルタケ,テツノドクガ
"エルレイド,ジバコイル,オノノクス,パオジアン,ハバタクカミ,ウォッシュロトム","ウォッシュロトム,ルチャブル,ハバタクカミ,ハッサム,アマージョ,カイリュー",エルレイド,ジバコイル,オノノクス,アマージョ,ハバタクカミ,カイリュー
"エルレイド,ジバコイル,オノノクス,パオジアン,ハバタクカミ,ウォッシュロトム","サーフゴー,カイリュー,ヘイラッシャ,ドオー,キョジオーン,サケブシッポ",ハバタクカミ,オノノクス,ウォッシュロトム,キョジオーン,ドオー,サケブシッポ
"エルレイド,ジバコイル,オノノクス,パオジアン,ハバタクカミ,ウォッシュロトム","テツノカイナ,サーフゴー,カイリュー,ディンルー,ジバコイル,フラージェス",パオジアン,ウォッシュロトム,オノノクス,テツノカイナ,ジバコイル,サーフゴー
"エルレイド,ジバコイル,オノノクス,パオジアン,ウォッシュロトム,ハバタクカミ","パオジアン,サーフゴー,テツノツツミ,ギャラドス,チオンジェン,ハバタクカミ",エルレイド,ジバコイル,ハバタクカミ,チオンジェン,ギャラドス,テツノツツミ
"エルレイド,ジバコイル,オノノクス,パオジアン,ウォッシュロトム,ハバタクカミ","チヲハウハネ,ハッサム,セグレイブ,サーフゴー,ハバタクカミ,クエスパトラ",パオジアン,ウォッシュロトム,オノノクス,ハッサム,チヲハウハネ,ハバタクカミ
"エルレイド,ハバタクカミ,カイリュー,ジバコイル,コノヨザル,パオジアン","ミミッキュ,サーフゴー,テツノドクガ,キラフロル,テツノカイナ,カイリュー",エルレイド,カイリュー,ハバタクカミ,キラフロル,ミミッキュ,テツノドクガ
"エルレイド,ハバタクカミ,カイリュー,ジバコイル,コノヨザル,パオジアン","コノヨザル,テツノドクガ,パオジアン,ハッサム,ハバタクカミ,マリルリ",エルレイド,ジバコイル,パオジアン,コノヨザル,パオジアン,ハバタクカミ
"エルレイド,ジバコイル,オノノクス,パオジアン,ハバタクカミ,ウォッシュロトム","マスカーニャ,キョジオーン,パオジアン,ミミッキュ,ハッサム,カイリュー",エルレイド,ハバタクカミ,オノノクス,マスカーニャ,カイリュー,ハッサム
"エルレイド,ジバコイル,オノノクス,パオジアン,ハバタクカミ,ウォッシュロトム","セグレイブ,テツノドクガ,パオジアン,カイリュー,ディンルー,サーフゴー",パオジアン,ウォッシュロトム,オノノクス,サーフゴー,カイリュー,Unseen
"エルレイド,ハバタクカミ,カイリュー,ジバコイル,コノヨザル,パオジアン","サーフゴー,ガブリアス,テツノドクガ,ウォッシュロトム,ミミッキュ,マスカーニャ",パオジアン,ジバコイル,エルレイド,マスカーニャ,サーフゴー,ミミッキュ
"エルレイド,ハバタクカミ,カイリュー,ジバコイル,コノヨザル,パオジアン","マリルリ,テツノツツミ,ジバコイル,エルレイド,ミミッキュ,イーユイ",エルレイド,ジバコイル,パオジアン,テツノツツミ,ジバコイル,ミミッキュ
"エルレイド,ジバコイル,オノノクス,パオジアン,ハバタクカミ,ウォッシュロトム","ヘイラッシャ,ドドゲザン,キノガッサ,カイリュー,ミミッキュ,サーフゴー",オノノクス,ジバコイル,ハバタクカミ,ミミッキュ,カイリュー,ドドゲザン
"エルレイド,ジバコイル,オノノクス,パオジアン,ウォッシュロトム,ハバタクカミ","ミミッキュ,イーユイ,パルシェン,キノガッサ,サーフゴー,カイリュー",パオジアン,オノノクス,ウォッシュロトム,パルシェン,カイリュー,Unseen
"エルレイド,ジバコイル,オノノクス,パオジアン,ハバタクカミ,ウォッシュロトム","イルカマン,カイリュー,サーフゴー,ヒートロトム,ハバタクカミ,ハッサム",ウォッシュロトム,オノノクス,ジバコイル,ヒートロトム,サーフゴー,ハッサム
"エルレイド,ジバコイル,オノノクス,パオジアン,ウォッシュロトム,ハバタクカミ","サーフゴー,カイリュー,イダイナキバ,チオンジェン,テツノドクガ,ウェーニバル",エルレイド,パオジアン,オノノクス,ウェーニバル,カイリュー,Unseen
"エルレイド,ジバコイル,オノノクス,パオジアン,ウォッシュロトム,ハバタクカミ","テツノドクガ,ドラパルト,テツノツツミ,イーユイ,アーマーガア,ハバタクカミ",エルレイド,ハバタクカミ,オノノクス,ドラパルト,アーマーガア,テツノドクガ
"エルレイド,ジバコイル,オノノクス,パオジアン,ウォッシュロトム,ハバタクカミ","トドロクツキ,ウルガモス,ウォッシュロトム,ディンルー,モロバレル,ハッサム",エルレイド,ウォッシュロトム,パオジアン,ハッサム,ウルガモス,ディンルー
"エルレイド,ジバコイル,オノノクス,パオジアン,ウォッシュロトム,ハバタクカミ","ディンルー,カイリュー,サーフゴー,パオジアン,ハバタクカミ,ミミッキュ",パオジアン,ジバコイル,オノノクス,ミミッキュ,サーフゴー,パオジアン
"エルレイド,ジバコイル,オノノクス,パオジアン,ウォッシュロトム,ハバタクカミ","ディンルー,ハバタクカミ,ミミッキュ,キョジオーン,チオンジェン,テツノツツミ",エルレイド,オノノクス,ジバコイル,ディンルー,ハバタクカミ,ミミッキュ
"エルレイド,ハバタクカミ,カイリュー,ジバコイル,オノノクス,パオジアン","ハリテヤマ,イキリンコ,バンバドロ,ラッキー,アーマーガア,イルカマン",エルレイド,ジバコイル,パオジアン,イルカマン,バンバドロ,Unseen
"エルレイド,ハバタクカミ,カイリュー,ジバコイル,オノノクス,パオジアン","パオジアン,テツノドクガ,サーフゴー,テツノツツミ,チオンジェン,イルカマン",エルレイド,ジバコイル,カイリュー,チオンジェン,テツノドクガ,パオジアン
"エルレイド,ハバタクカミ,カイリュー,ジバコイル,オノノクス,パオジアン","ディンルー,サーフゴー,ハバタクカミ,パオジアン,ガブリアス,ウルガモス",エルレイド,カイリュー,パオジアン,ウルガモス,ガブリアス,パオジアン
"エルレイド,ハバタクカミ,カイリュー,ジバコイル,オノノクス,パオジアン","カイリュー,ハバタクカミ,ヘイラッシャ,ジバコイル,ディンルー,チルタリス",エルレイド,ジバコイル,パオジアン,ディンルー,チルタリス,ヘイラッシャ
"エルレイド,ハバタクカミ,カイリュー,ジバコイル,オノノクス,パオジアン","ディンルー,パオジアン,カイリュー,テツノドクガ,ウォッシュロトム,ミミッキュ",オノノクス,ジバコイル,パオジアン,ディンルー,ミミッキュ,パオジアン
"エルレイド,ジバコイル,オノノクス,パオジアン,ハバタクカミ,ウォッシュロトム","ハッサム,ガブリアス,テツノドクガ,セグレイブ,キョジオーン,テツノツツミ",エルレイド,ウォッシュロトム,オノノクス,ハッサム,テツノツツミ,ガブリアス
"エルレイド,アーマーガア,オノノクス,パオジアン,ウォッシュロトム,ハバタクカミ","パオジアン,サーフゴー,ディンルー,テツノドクガ,ヘイラッシャ,ハバタクカミ",エルレイド,アーマーガア,パオジアン,テツノドクガ,パオジアン,ディンルー
"エルレイド,ジバコイル,オノノクス,パオジアン,ハバタクカミ,ウォッシュロトム","ハバタクカミ,カイリュー,ウルガモス,コノヨザル,ウォッシュロトム,イダイナキバ",エルレイド,ウォッシュロトム,オノノクス,コノヨザル,イダイナキバ,ウルガモス
"エルレイド,アーマーガア,オノノクス,パオジアン,ウォッシュロトム,ハバタクカミ","ハルクジラ,パーモット,ペリッパー,カイリュー,ストリンダー,ガブリアス",アーマーガア,ウォッシュロトム,ハバタクカミ,パーモット,ニンフィア,ストリンダー
"エルレイド,アーマーガア,オノノクス,パオジアン,ウォッシュロトム,ハバタクカミ","ドラパルト,マリルリ,ミミッキュ,ガブリアス,アラブルタケ,サーフゴー",パオジアン,ウォッシュロトム,オノノクス,ドラパルト,マリルリ,サーフゴー
"ヒスイドレディア,ハバタクカミ,パオジアン,ウォッシュロトム,ドラパルト,ヒードラン","ハバタクカミ,サンダー,ガチグマ,ウーラオス,パオジアン,キョジオーン",ドラパルト,ヒスイドレディア,ハバタクカミ,パオジアン,ガチグマ,サンダー
"ヒスイドレディア,ハバタクカミ,パオジアン,ヒスイウォーグル,ドラパルト,ヒードラン","ウーラオス,ヘイラッシャ,テツノツツミ,霊獣ランドロス,ガラルヤドキング,ヒードラン",ドラパルト,ヒスイドレディア,ハバタクカミ,テツノツツミ,霊獣ランドロス,ガラルヤドキング
"カイリュー,ヒードラン,ヒスイドレディア,ドラパルト,ハバタクカミ,サーフゴー","カイリュー,ガラルヤドキング,ハバタクカミ,セグレイブ,ガチグマ,テツノツツミ",ドラパルト,ヒスイドレディア,カイリュー,ガラルヤドキング,セグレイブ,テツノツツミ
"カイリュー,ウーラオス,ヒスイドレディア,ドラパルト,ハバタクカミ,クエスパトラ","サーナイト,スコヴィラン,ガチグマ,マスカーニャ,パオジアン,ヘイラッシャ",ドラパルト,ヒスイドレディア,ウーラオス,マスカーニャ,パオジアン,ヘイラッシャ
"カイリュー,ウーラオス,ヒスイドレディア,ドラパルト,ハバタクカミ,クエスパトラ","ウーラオス,ヒスイダイケンキ,ヤドラン,トリトドン,イダイトウ,マリルリ",ドラパルト,ヒスイドレディア,ハバタクカミ,ヒスイダイケンキ,ウーラオス,マリルリ
"エルレイド,ハバタクカミ,カイリュー,ジバコイル,オノノクス,パオジアン","ガブリアス,カバルドン,コノヨザル,マリルリ,パルシェン,サーフゴー",パオジアン,ジバコイル,オノノクス,ガブリアス,マリルリ,Unseen
"エルレイド,ハバタクカミ,カイリュー,ジバコイル,オノノクス,パオジアン","ハバタクカミ,ディンルー,ウインディ,クエスパトラ,タルップル,ギャラドス",パオジアン,ジバコイル,ハバタクカミ,クエスパトラ,ウインディ,ハバタクカミ
"エルレイド,ハバタクカミ,カイリュー,ジバコイル,オノノクス,パオジアン","パオジアン,テツノツツミ,ミミッキュ,イーユイ,コノヨザル,カイリュー",エルレイド,オノノクス,ジバコイル,ミミッキュ,パオジアン,イーユイ
"パルシェン,ジバコイル,オノノクス,パオジアン,ハバタクカミ,ウォッシュロトム","カイリュー,サーフゴー,カバルドン,ミミッキュ,パオジアン,テツノツツミ",パルシェン,ウォッシュロトム,オノノクス,パオジアン,ミミッキュ,テツノツツミ
"パルシェン,ジバコイル,オノノクス,パオジアン,ハバタクカミ,ウォッシュロトム","チオンジェン,テツノドクガ,サーフゴー,セグレイブ,カイリュー,マリルリ",パルシェン,ウォッシュロトム,パオジアン,セグレイブ,テツノドクガ,チオンジェン
"パルシェン,ジバコイル,オノノクス,パオジアン,ハバタクカミ,ウォッシュロトム","モロバレル,カイリュー,ウインディ,サーフゴー,ヘイラッシャ,ディンルー",パルシェン,ジバコイル,ハバタクカミ,サーフゴー,ヘイラッシャ,カイリュー
"エルレイド,アーマーガア,オノノクス,パオジアン,ウォッシュロトム,ハバタクカミ","コノヨザル,ハバタクカミ,ウォッシュロトム,サーフゴー,ディンルー,パオジアン",エルレイド,アーマーガア,パオジアン,ハバタクカミ,コノヨザル,ディンルー
"パルシェン,ジバコイル,オノノクス,パオジアン,ハバタクカミ,ウォッシュロトム","マスカーニャ,エルレイド,ハラバリー,イルカマン,エーフィ,キラフロル",パルシェン,ジバコイル,パオジアン,イルカマン,ハラバリー,Unseen
"パルシェン,ジバコイル,オノノクス,パオジアン,ハバタクカミ,ウォッシュロトム","ハバタクカミ,テツノカイナ,パオジアン,キノガッサ,カイリュー,キョジオーン",ハバタクカミ,パルシェン,ウォッシュロトム,テツノカイナ,ハバタクカミ,カイリュー
"パルシェン,ジバコイル,オノノクス,パオジアン,ハバタクカミ,ウォッシュロトム","イーユイ,ドラパルト,サーフゴー,カイリュー,テツノワダチ,ヘイラッシャ",パオジアン,ウォッシュロトム,オノノクス,ドラパルト,ヘイラッシャ,サーフゴー
"パルシェン,ジバコイル,オノノクス,パオジアン,ハバタクカミ,ウォッシュロトム","セグレイブ,ハバタクカミ,ヘイラッシャ,テツノツツミ,ドラパルト,キノガッサ",パオジアン,ジバコイル,ハバタクカミ,ドラパルト,キノガッサ,セグレイブ
"パルシェン,ジバコイル,オノノクス,パオジアン,ハバタクカミ,ウォッシュロトム","サーフゴー,セグレイブ,テツノドクガ,ハバタクカミ,テツノワダチ,ママンボウ",パルシェン,ウォッシュロトム,パオジアン,テツノワダチ,ママンボウ,セグレイブ
"パルシェン,ジバコイル,オノノクス,パオジアン,ハバタクカミ,ウォッシュロトム","ディンルー,ドオー,サーフゴー,ブリムオン,キラフロル,オリーヴァ",パルシェン,ジバコイル,パオジアン,ブリムオン,キラフロル,ディンルー
"パルシェン,ジバコイル,オノノクス,パオジアン,ハバタクカミ,ウォッシュロトム","カイリュー,パオジアン,セグレイブ,ハバタクカミ,サーフゴー,ウェーニバル",パオジアン,ウォッシュロトム,ハバタクカミ,ハバタクカミ,ウェーニバル,Unseen
"パルシェン,ジバコイル,オノノクス,パオジアン,ハバタクカミ,ウォッシュロトム","オリーヴァ,ラウドボーン,パオジアン,イルカマン,サーフゴー,ハッサム",ジバコイル,パオジアン,ウォッシュロトム,ハッサム,オリーヴァ,ラウドボーン
"パルシェン,ジバコイル,オノノクス,パオジアン,ハバタクカミ,ウォッシュロトム","ディンルー,セグレイブ,サーフゴー,キョジオーン,テツノツツミ,イダイナキバ",パルシェン,ハバタクカミ,ジバコイル,テツノツツミ,ディンルー,セグレイブ
"エルレイド,ジバコイル,オノノクス,パオジアン,ウォッシュロトム,ハバタクカミ","パオジアン,ディンルー,ハバタクカミ,テツノドクガ,ウォッシュロトム,エルレイド",エルレイド,オノノクス,パオジアン,エルレイド,テツノドクガ,Unseen
"エルレイド,アーマーガア,オノノクス,パオジアン,ウォッシュロトム,ハバタクカミ","ディンルー,チオンジェン,サーフゴー,テツノツツミ,ウルガモス,ミミッキュ",エルレイド,ウォッシュロトム,オノノクス,チオンジェン,ウルガモス,ミミッキュ
"エルレイド,アーマーガア,オノノクス,パオジアン,ウォッシュロトム,ハバタクカミ","パルデアケンタロス水,ファイアロー,ジバコイル,ハルクジラ,エルレイド,ソウブレイズ",エルレイド,ウォッシュロトム,オノノクス,エルレイド,アルクジラ,Unseen
"エルレイド,アーマーガア,オノノクス,パオジアン,ウォッシュロトム,ハバタクカミ","パオジアン,トドロクツキ,イダイナキバ,カイリュー,ミミッキュ,イーユイ",エルレイド,ウォッシュロトム,パオジアン,イーユイ,ミミッキュ,パオジアン
"エルレイド,ジバコイル,オノノクス,パオジアン,ウォッシュロトム,ハバタクカミ","セグレイブ,ハバタクカミ,ヘイラッシャ,イダイナキバ,ジバコイル,カイリュー",エルレイド,ウォッシュロトム,パオジアン,ジバコイル,カイリュー,イダイナキバ
"エルレイド,ジバコイル,オノノクス,パオジアン,ウォッシュロトム,ハバタクカミ","ドラパルト,ハバタクカミ,テツノドクガ,ジバコイル,ヘイラッシャ,タルップル",パオジアン,オノノクス,ジバコイル,ヘイラッシャ,ジバコイル,ドラパルト
"エルレイド,アーマーガア,オノノクス,パオジアン,ウォッシュロトム,ハバタクカミ","パオジアン,テツノツツミ,ディンルー,カイリュー,ミミッキュ,サーフゴー",パオジアン,ウォッシュロトム,ハバタクカミ,ディンルー,サーフゴー,Unseen
"エルレイド,アーマーガア,オノノクス,パオジアン,ウォッシュロトム,ハバタクカミ","ウインディ,ウォッシュロトム,サーフゴー,テツノブジン,ミミッキュ,イーユイ",ウォッシュロトム,オノノクス,ハバタクカミ,テツノブジン,イーユイ,ウインディ
"エルレイド,アーマーガア,オノノクス,パオジアン,ウォッシュロトム,ハバタクカミ","パオジアン,イーユイ,ウォッシュロトム,ハバタクカミ,ミミッキュ,キノガッサ",エルレイド,ハバタクカミ,オノノクス,キノガッサ,イーユイ,ウォッシュロトム
"ヒスイドレディア,ハバタクカミ,パオジアン,ウォッシュロトム,ドラパルト,ヒードラン","ディンルー,ハバタクカミ,カイリュー,チオンジェン,パオジアン,テツノドクガ",ドラパルト,ヒードラン,ヒスイドレディア,パオジアン,チオンジェン,テツノドクガ
"ヒスイドレディア,ハバタクカミ,パオジアン,ヒスイウォーグル,ドラパルト,ヒードラン","ウーラオス,ブラッキー,ハバタクカミ,エーフィ,ヒードラン,パオジアン",ドラパルト,ヒスイドレディア,ヒードラン,パオジアン,ハバタクカミ,ウーラオス
"カイリュー,ウーラオス,ヒスイドレディア,ドラパルト,ハバタクカミ,クエスパトラ","オニゴーリ,サーナイト,ハリーマン,ゲンガー,マスカーニャ,クエスパトラ",ハバタクカミ,カイリュー,ウーラオス,ゲンガー,オニゴーリ,ハリーマン
"カイリュー,ウーラオス,ヒスイドレディア,ドラパルト,ハバタクカミ,クエスパトラ","ドドゲザン,カイリュー,テツノツツミ,霊獣ランドロス,ハバタクカミ,サーフゴー",ドラパルト,クエスパトラ,ウーラオス,ハバタクカミ,テツノツツミ,Unseen
"カイリュー,ウーラオス,ヒスイドレディア,ドラパルト,ハバタクカミ,クエスパトラ","カバルドン,キラフロル,カイリュー,サーフゴー,テツノツツミ,ウーラオス",ドラパルト,クエスパトラ,ハバタクカミ,キラフロル,テツノツツミ,Unseen
"カイリュー,ウーラオス,ヒスイドレディア,ドラパルト,ハバタクカミ,クエスパトラ","ハッサム,ハバタクカミ,テツノブジン,セグレイブ,ディンルー,ガチグマ",ドラパルト,ヒスイドレディア,カイリュー,テツノブジン,ハッサム,Unseen
"フワライド,サーフゴー,ヌメルゴン,テツノドクガ,キノガッサ,ミミズズ","カバルドン,ドラパルト,ガブリアス,ドドゲザン,ウォッシュロトム,パルシェン",ミミズズ,キノガッサ,サーフゴー,パルシェン,カバルドン,ドラパルト
"フワライド,サーフゴー,ヌメルゴン,テツノドクガ,キノガッサ,ミミズズ","テツノツツミ,アーマーガア,ドオー,ハッサム,イルカマン,テツノドクガ",フワライド,テツノドクガ,キノガッサ,テツノドクガ,ドオー,テツノツツミ
"フワライド,サーフゴー,ヌメルゴン,テツノドクガ,キノガッサ,ミミズズ","ドラパルト,ミミッキュ,ラウドボーン,ヤミラミ,サーフゴー,コノヨザル",サーフゴー,ミミズズ,ヌメルゴン,ヤミラミ,ドラパルト,コノヨザル
"フワライド,サーフゴー,ヘイラッシャ,ハッサム,ヌメルゴン,テツノドクガ","オノノクス,ハピナス,アーマーガア,ウェーニバル,ドラパルト,タギングル",フワライド,テツノドクガ,サーフゴー,タギングル,オノノクス,Unseen
"フワライド,サーフゴー,ヘイラッシャ,ハッサム,ヌメルゴン,テツノドクガ","トリトドン,ハッサム,サザンドラ,ドラパルト,ハバタクカミ,テツノブジン",ハッサム,ヌメルゴン,テツノドクガ,ハバタクカミ,ドラパルト,Unseen
"フワライド,サーフゴー,ヘイラッシャ,ハッサム,ヌメルゴン,テツノドクガ","ラウドボーン,ハッサム,サーフゴー,ハバタクカミ,テツノカイナ,カイリュー",ハッサム,ヌメルゴン,ヘイラッシャ,ハバタクカミ,カイリュー,テツノカイナ
"フワライド,サーフゴー,ヘイラッシャ,ハッサム,ヌメルゴン,テツノドクガ","イルカマン,アマージョ,セグレイブ,タイカイデン,アーマーガア,ドオー",フワライド,テツノドクガ,ヘイラッシャ,イルカマン,セグレイブ,アーマーガア
"フワライド,サーフゴー,ヘイラッシャ,ハッサム,ヌメルゴン,テツノドクガ","ゾロアーク,セグレイブ,ハバタクカミ,ヘイラッシャ,ジバコイル,カイリュー",フワライド,ヘイラッシャ,テツノドクガ,ジバコイル,ハバタクカミ,カイリュー
"フワライド,サーフゴー,ヘイラッシャ,ハッサム,ヌメルゴン,テツノドクガ","サケブシッポ,バンギラス,セグレイブ,マスカーニャ,ラウドボーン,サーフゴー",ハッサム,ヌメルゴン,テツノドクガ,マスカーニャ,ラウドボーン,セグレイブ
"フワライド,サーフゴー,ヘイラッシャ,ハッサム,ヌメルゴン,テツノドクガ","テツノカイナ,テツノドクガ,サーフゴー,キョジオーン,アーマーガア,ウォッシュロトム",ヌメルゴン,ヘイラッシャ,サーフゴー,ウォッシュロトム,キョジオーン,テツノドクガ
"フワライド,サーフゴー,ヘイラッシャ,ハッサム,ヌメルゴン,テツノドクガ","セグレイブ,ミミズズ,ハバタクカミ,デカヌチャン,アラブルタケ,パーモット",フワライド,テツノドクガ,サーフゴー,パーモット,ハバタクカミ,Unseen
"フワライド,サーフゴー,ハッサム,ヌメルゴン,テツノドクガ,ヘイラッシャ","トリトドン,キノガッサ,カイリュー,ハバタクカミ,ミミッキュ,テツノドクガ",ハッサム,ヌメルゴン,テツノドクガ,ハバタクカミ,トリトドン,カイリュー
"フワライド,サーフゴー,ハッサム,ヌメルゴン,テツノドクガ,ヘイラッシャ","セグレイブ,カイリュー,ハバタクカミ,イダイナキバ,テツノツツミ,ウルガモス",ヌメルゴン,サーフゴー,ヘイラッシャ,テツノツツミ,カイリュー,ウルガモス
"フワライド,サーフゴー,ハッサム,ヌメルゴン,テツノドクガ,ヘイラッシャ","トドロクツキ,カイリュー,サーフゴー,ウォッシュロトム,ラウドボーン,ハッサム",ヌメルゴン,ヘイラッシャ,テツノドクガ,ラウドボーン,カイリュー,ウォッシュロトム
"フワライド,サーフゴー,ハッサム,ヌメルゴン,テツノドクガ,ヘイラッシャ","ウォッシュロトム,アーマーガア,テツノツツミ,ドオー,ウルガモス,ハバタクカミ",サーフゴー,ハッサム,ヌメルゴン,テツノツツミ,アーマーガア,ウルガモス
"エルレイド,ジバコイル,オノノクス,パオジアン,ウォッシュロトム,ハバタクカミ","テツノツツミ,ソウブレイズ,コノヨザル,セグレイブ,ハバタクカミ,ディンルー",エルレイド,ウォッシュロトム,パオジアン,ハバタクカミ,ディンルー,ソウブレイズ
"フワライド,サーフゴー,ハッサム,ヌメルゴン,テツノドクガ,ヘイラッシャ","イルカマン,カイリュー,サーフゴー,ミミズズ,テツノドクガ,テツノワダチ",フワライド,テツノドクガ,ヘイラッシャ,イルカマン,サーフゴー,カイリュー
"フワライド,サーフゴー,テツノドクガ,ヘイラッシャ,ハッサム,ヌメルゴン","ドドゲザン,キラフロル,テツノブジン,ドラパルト,テツノドクガ,ハバタクカミ",サーフゴー,ヘイラッシャ,ハッサム,ガブリアス,ハバタクカミ,テツノドクガ
"フワライド,サーフゴー,テツノドクガ,ヘイラッシャ,ハッサム,ヌメルゴン","ドドゲザン,キョジオーン,タギングル,キラフロル,メタモン,オーロンゲ",フワライド,テツノドクガ,ヘイラッシャ,オーロンゲ,メタモン,Unseen
"フワライド,サーフゴー,テツノドクガ,ヘイラッシャ,ハッサム,ヌメルゴン","バンバドロ,ブラッキー,ドラパルト,ニンフィア,マスカーニャ,サーフゴー",フワライド,テツノドクガ,ハッサム,バンバドロ,ブラッキー,Unseen
"フワライド,サーフゴー,ヘイラッシャ,ハッサム,ヌメルゴン,テツノドクガ","ドラパルト,ハッサム,テツノカイナ,テツノブジン,マスカーニャ,ドドゲザン",フワライド,テツノドクガ,サーフゴー,ドラパルト,ドドゲザン,Unseen
"フワライド,サーフゴー,ヘイラッシャ,ハッサム,ヌメルゴン,テツノドクガ","トリトドン,キノガッサ,ドドゲザン,コノヨザル,セグレイブ,テツノドクガ",フワライド,サーフゴー,テツノドクガ,トリトドン,ドドゲザン,Unseen
"フワライド,サーフゴー,ヘイラッシャ,ハッサム,ヌメルゴン,テツノドクガ","ミミッキュ,アーマーガア,サザンドラ,イダイナキバ,ハッサム,キノガッサ",フワライド,テツノドクガ,サーフゴー,イダイナキバ,サザンドラ,ミミッキュ
"フワライド,サーフゴー,ヘイラッシャ,ハッサム,ヌメルゴン,テツノドクガ","テツノツツミ,コータス,イダイナキバ,ドラパルト,マスカーニャ,テツノブジン",フワライド,テツノドクガ,ヌメルゴン,コータス,テツノツツミ,イダイナキバ
"フワライド,サーフゴー,ハッサム,ヌメルゴン,テツノドクガ,キノガッサ","ハバタクカミ,ドドゲザン,テツノドクガ,セグレイブ,カイリュー,ハッサム",ハッサム,サーフゴー,キノガッサ,セグレイブ,ドドゲザン,ハバタクカミ
"フワライド,サーフゴー,ハッサム,ヌメルゴン,テツノドクガ,キノガッサ","ハッサム,ウォッシュロトム,トドロクツキ,サーフゴー,ニンフィア,デカヌチャン",ヌメルゴン,テツノドクガ,キノガッサ,トドロクツキ,ハッサム,サーフゴー
"フワライド,サーフゴー,ヘイラッシャ,ヌメルゴン,テツノドクガ,キノガッサ","テツノブジン,テツノドクガ,ドラパルト,ガブリアス,ウォッシュロトム,サーフゴー",ヌメルゴン,キノガッサ,ヘイラッシャ,ウォッシュロトム,テツノドクガ,サーフゴー
"フワライド,サーフゴー,ヘイラッシャ,ヌメルゴン,テツノドクガ,キノガッサ","トリトドン,アーマーガア,サーフゴー,マスカーニャ,ニンフィア,テツノドクガ",フワライド,テツノドクガ,キノガッサ,マスカーニャ,テツノドクガ,ニンフィア
"フワライド,サーフゴー,ヘイラッシャ,ヌメルゴン,テツノドクガ,キノガッサ","カイリュー,イダイナキバ,ハッサム,スナノケガワ,ウォッシュロトム,キラフロル",ヌメルゴン,ヘイラッシャ,キノガッサ,ウォッシュロトム,キラフロル,カイリュー
"フワライド,サーフゴー,ヘイラッシャ,ヌメルゴン,テツノドクガ,キノガッサ","ブラッキー,ルカリオ,セグレイブ,ドオー,デカヌチャン,マリルリ",ヌメルゴン,ヘイラッシャ,キノガッサ,ドオー,マリルリ,セグレイブ
"フワライド,サーフゴー,ヘイラッシャ,ヌメルゴン,テツノドクガ,キノガッサ","ハッサム,テツノブジン,ミミッキュ,テツノツツミ,セグレイブ,サーフゴー",フワライド,サーフゴー,キノガッサ,テツノツツミ,セグレイブ,Unseen
"フワライド,サーフゴー,ヘイラッシャ,ヌメルゴン,テツノドクガ,キノガッサ","セグレイブ,ヘイラッシャ,ハバタクカミ,サザンドラ,サーフゴー,ジバコイル",フワライド,テツノドクガ,キノガッサ,ジバコイル,セグレイブ,サーフゴー
"フワライド,サーフゴー,ヘイラッシャ,ヌメルゴン,テツノドクガ,キノガッサ","カバルドン,ウォッシュロトム,ドラパルト,テツノツツミ,ハバタクカミ,ドドゲザン",ヌメルゴン,ヘイラッシャ,キノガッサ,ハバタクカミ,ドドゲザン,テツノツツミ
"フワライド,サーフゴー,ヘイラッシャ,ヌメルゴン,テツノドクガ,キノガッサ","テツノドクガ,コノヨザル,キョジオーン,ドラパルト,キラフロル,ハバタクカミ",ヌメルゴン,キノガッサ,サーフゴー,キラフロル,ハバタクカミ,コノヨザル
"フワライド,サーフゴー,ヘイラッシャ,ヌメルゴン,テツノドクガ,キノガッサ","セグレイブ,キョジオーン,マスカーニャ,ハバタクカミ,ジバコイル,ウォッシュロトム",ヌメルゴン,テツノドクガ,ヘイラッシャ,ハバタクカミ,マスカーニャ,ジバコイル
"フワライド,サーフゴー,ヘイラッシャ,ヌメルゴン,テツノドクガ,キノガッサ","セグレイブ,ハバタクカミ,ヘイラッシャ,サーフゴー,テツノブジン,ジバコイル",ヌメルゴン,ヘイラッシャ,キノガッサ,セグレイブ,ジバコイル,ハバタクカミ
"フワライド,サーフゴー,ミミズズ,ヌメルゴン,テツノドクガ,キノガッサ","パーモット,アーマーガア,ハカドッグ,マフィティフ,セグレイブ,ブロロローム",フワライド,ミミズズ,テツノドクガ,ブロロローム,Unseen,Unseen
"フワライド,サーフゴー,ミミズズ,ヌメルゴン,テツノドクガ,キノガッサ","ドラパルト,ハバタクカミ,ヘイラッシャ,セグレイブ,カイリュー,デカヌチャン",ミミズズ,テツノドクガ,キノガッサ,ドラパルト,セグレイブ,デカヌチャン
"フワライド,サーフゴー,ミミズズ,ヌメルゴン,テツノドクガ,キノガッサ","サーフゴー,セグレイブ,バンバドロ,ハバタクカミ,テツノワダチ,ラウドボーン",ヌメルゴン,ミミズズ,テツノドクガ,サーフゴー,ラウドボーン,セグレイブ
"フワライド,サーフゴー,ミミズズ,ヌメルゴン,テツノドクガ,キノガッサ","ジバコイル,ヘイラッシャ,ドオー,カイリュー,コノヨザル,ドラパルト",ミミズズ,テツノドクガ,キノガッサ,コノヨザル,へイラッシャ,ドラパルト
"フワライド,サーフゴー,ミミズズ,ヌメルゴン,テツノドクガ,キノガッサ","セグレイブ,ヘイラッシャ,ハバタクカミ,ドドゲザン,コノヨザル,クエスパトラ",サーフゴー,キノガッサ,ミミズズ,コノヨザル,ハバタクカミ,クエスパトラ
"フワライド,サーフゴー,ミミズズ,ヌメルゴン,テツノドクガ,キノガッサ","セグレイブ,キョジオーン,テツノドクガ,ジバコイル,ハバタクカミ,イルカマン",ミミズズ,ヌメルゴン,テツノドクガ,イルカマン,セグレイブ,テツノドクガ
"フワライド,サーフゴー,ミミズズ,ヌメルゴン,テツノドクガ,キノガッサ","ハカドッグ,バンギラス,キラフロル,ヘイラッシャ,セグレイブ,ヒートロトム",フワライド,キノガッサ,ミミズズ,クレッフィ,バンギラス,ハカドッグ
"フワライド,サーフゴー,ミミズズ,ヌメルゴン,テツノドクガ,キノガッサ","アーマーガア,サザンドラ,ドドゲザン,ハルクジラ,モロバレル,イダイナキバ",フワライド,キノガッサ,ミミズズ,イダイナキバ,ドドゲザン,Unseen
"フワライド,サーフゴー,ヌメルゴン,テツノドクガ,キノガッサ,ミミズズ","マスカーニャ,ウォッシュロトム,ハバタクカミ,カイリュー,セグレイブ,キョジオーン",ヌメルゴン,ミミズズ,キノガッサ,ハバタクカミ,セグレイブ,マスカーニャ
"フワライド,サーフゴー,ヌメルゴン,テツノドクガ,キノガッサ,ミミズズ","マリルリ,ドドゲザン,カイリュー,オリーヴァ,ヒートロトム,ニンフィア",フワライド,テツノドクガ,キノガッサ,マリルリ,Unseen,Unseen
"フワライド,サーフゴー,ヌメルゴン,テツノドクガ,キノガッサ,ミミズズ","ハバタクカミ,セグレイブ,キョジオーン,カイリュー,ドドゲザン,ヘイラッシャ",ヌメルゴン,ミミズズ,キノガッサ,キョジオーン,ハバタクカミ,Unseen
"フワライド,サーフゴー,ヌメルゴン,テツノドクガ,キノガッサ,ミミズズ","テツノツツミ,セグレイブ,ハバタクカミ,マスカーニャ,ヘイラッシャ,ドオー",ヌメルゴン,ミミズズ,キノガッサ,テツノツツミ,マスカーニャ,へイラッシャ
"フワライド,サーフゴー,ヌメルゴン,テツノドクガ,キノガッサ,ミミズズ","セグレイブ,ミミッキュ,フォレトス,ポットデス,ヘイラッシャ,サザンドラ",フワライド,ミミズズ,キノガッサ,セグレイブ,へイラッシャ,ミミッキュ
"フワライド,サーフゴー,ヌメルゴン,テツノドクガ,キノガッサ,ミミズズ","ハバタクカミ,テツノドクガ,コノヨザル,バンバドロ,セグレイブ,カイリュー",ヌメルゴン,ミミズズ,サーフゴー,セグレイブ,カイリュー,テツノドクガ
"フワライド,テツノドクガ,キノガッサ,ヌメルゴン,サーフゴー,ミミズズ","ルガルガンたそがれ,ルチャブル,テツノツツミ,デカヌチャン,オノノクス,ハラバリー",フワライド,キノガッサ,テツノドクガ,オノノクス,ルチャブル,ルガルガンたそがれ
"フワライド,テツノドクガ,キノガッサ,ヌメルゴン,サーフゴー,ミミズズ","フワライド,バンギラス,マスカーニャ,ヒートロトム,サーフゴー,ドラパルト",キノガッサ,ミミズズ,ヌメルゴン,バンギラス,サーフゴー,ヒートロトム
"フワライド,テツノドクガ,キノガッサ,ヌメルゴン,サーフゴー,ミミズズ","コノヨザル,ガブリアス,カラミンゴ,ニンフィア,サーフゴー,マリルリ",ミミズズ,テツノドクガ,サーフゴー,コノヨザル,カラミンゴ,マリルリ
"フワライド,テツノドクガ,キノガッサ,ヌメルゴン,サーフゴー,ミミズズ","トドロクツキ,カバルドン,サーフゴー,カイリュー,グレンアルマ,ミミズズ",キノガッサ,ミミズズ,テツノドクガ,カバルドン,トドロクツキ,Unseen
"フワライド,テツノドクガ,キノガッサ,ヌメルゴン,サーフゴー,ミミズズ","サーフゴー,ハバタクカミ,スナノケガワ,セグレイブ,アーマーガア,テツノドクガ",ヌメルゴン,ミミズズ,テツノドクガ,セグレイブ,サーフゴー,ハバタクカミ
"フワライド,テツノドクガ,キノガッサ,ヌメルゴン,サーフゴー,ミミズズ","セグレイブ,サーフゴー,ハバタクカミ,カイリュー,マリルリ,マスカーニャ",ヌメルゴン,ミミズズ,テツノドクガ,マスカーニャ,ハバタクカミ,セグレイブ
"フワライド,テツノドクガ,キノガッサ,ヌメルゴン,サーフゴー,ミミズズ","デカヌチャン,テツノドクガ,クエスパトラ,キョジオーン,セグレイブ,サーフゴー",キノガッサ,サーフゴー,ミミズズ,テツノドクガ,キョジオーン,デカヌチャン
"フワライド,テツノドクガ,キノガッサ,ヌメルゴン,サーフゴー,ミミズズ","ミミッキュ,ライチュウ,ヤミラミ,ハバタクカミ,ラウドボーン,ストリンダー",ヌメルゴン,キノガッサ,テツノドクガ,ストリンダー,ミミッキュ,ヤミラミ
"フワライド,テツノドクガ,キノガッサ,ヌメルゴン,サーフゴー,ミミズズ","イダイナキバ,サーフゴー,ハバタクカミ,トドロクツキ,カバルドン,セグレイブ",ヌメルゴン,テツノドクガ,ミミズズ,セグレイブ,イダイナキバ,ハバタクカミ
"フワライド,テツノドクガ,キノガッサ,ヌメルゴン,サーフゴー,ミミズズ","カバルドン,トドロクツキ,サーフゴー,アラブルタケ,テツノツツミ,ハラバリー",ヌメルゴン,ミミズズ,キノガッサ,テツノツツミ,トドロクツキ,Unseen
"フワライド,テツノドクガ,キノガッサ,ヌメルゴン,サーフゴー,ミミズズ","ドドゲザン,ウォッシュロトム,ソウブレイズ,オーロンゲ,セグレイブ,キョジオーン",ミミズズ,サーフゴー,キノガッサ,ソウブレイズ,ドドゲザン,セグレイブ
"フワライド,テツノドクガ,キノガッサ,ヌメルゴン,サーフゴー,ミミズズ","サザンドラ,サーフゴー,マスカーニャ,テツノカイナ,ドドゲザン,ギャラドス",ミミズズ,サーフゴー,キノガッサ,マスカーニャ,ドドゲザン,サーフゴー
"フワライド,テツノドクガ,キノガッサ,ヌメルゴン,サーフゴー,ミミズズ","セグレイブ,ヘイラッシャ,コノヨザル,ハバタクカミ,カイリュー,キラフロル",ミミズズ,サーフゴー,キノガッサ,キラフロル,セグレイブ,コノヨザル
"キノガッサ,ミミズズ,テツノドクガ,サーフゴー,ヘイラッシャ,ヌメルゴン","ハバタクカミ,テツノドクガ,デカヌチャン,キョジオーン,セグレイブ,アーマーガア",ヌメルゴン,ミミズズ,サーフゴー,テツノドクガ,デカヌチャン,キョジオーン
"キノガッサ,ミミズズ,テツノドクガ,サーフゴー,ヘイラッシャ,ヌメルゴン","テツノカイナ,トドロクツキ,ハバタクカミ,ギャラドス,ドラパルト,サーフゴー",ミミズズ,ヌメルゴン,キノガッサ,ドラパルト,サーフゴー,Unseen
"キノガッサ,ミミズズ,テツノドクガ,サーフゴー,ヘイラッシャ,ヌメルゴン","マスカーニャ,ヘイラッシャ,ハッサム,ドドゲザン,セグレイブ,テツノドクガ",ミミズズ,キノガッサ,テツノドクガ,マスカーニャ,テツノドクガ,Unseen
"フワライド,テツノドクガ,キノガッサ,ヌメルゴン,サーフゴー,ミミズズ","セグレイブ,ヘイラッシャ,ハバタクカミ,キノガッサ,コノヨザル,クエスパトラ",ミミズズ,ヌメルゴン,テツノドクガ,コノヨザル,ハバタクカミ,クエスパトラ
"フワライド,テツノドクガ,キノガッサ,ヌメルゴン,サーフゴー,ミミズズ","キョジオーン,ハバタクカミ,ドオー,ウルガモス,セグレイブ,イダイナキバ",ミミズズ,ヌメルゴン,サーフゴー,ウルガモス,ドオー,Unseen
"フワライド,テツノドクガ,キノガッサ,ヌメルゴン,サーフゴー,ミミズズ","ミミッキュ,テツノツツミ,カバルドン,ジバコイル,コノヨザル,カイリュー",ミミズズ,キノガッサ,ヌメルゴン,コノヨザル,Unseen,Unseen
"キノガッサ,ミミズズ,ハバタクカミ,サーフゴー,ヘイラッシャ,ヌメルゴン","クエスパトラ,キノガッサ,ミミッキュ,リングマ,ドドゲザン,ゲンガー",ハバタクカミ,ミミズズ,ヌメルゴン,キノガッサ,Unseen,Unseen
"キノガッサ,ミミズズ,ハバタクカミ,サーフゴー,ヘイラッシャ,ヌメルゴン","タイカイデン,チャーレム,ミミッキュ,アーマーガア,トドロクツキ,タギングル",ハバタクカミ,ミミズズ,サーフゴー,タギングル,タイカイデン,チャーレム
"キノガッサ,ミミズズ,ハバタクカミ,サーフゴー,ヘイラッシャ,ヌメルゴン","テツノブジン,ハバタクカミ,テツノツツミ,ハラバリー,アーマーガア,クエスパトラ",サーフゴー,ミミズズ,ハバタクカミ,テツノブジン,ハラバリー,テツノツツミ
"キノガッサ,ミミズズ,ハバタクカミ,サーフゴー,ヘイラッシャ,ヌメルゴン","カイリュー,セグレイブ,ハバタクカミ,マスカーニャ,キョジオーン,ハッサム",ヌメルゴン,ハバタクカミ,キノガッサ,セグレイブ,ハッサム,マスカーニャ
"キノガッサ,ミミズズ,ハバタクカミ,サーフゴー,ヘイラッシャ,ヌメルゴン","セグレイブ,サザンドラ,ハバタクカミ,カバルドン,マリルリ,ブラッキー",ミミズズ,ハバタクカミ,サーフゴー,ハバタクカミ,マリルリ,セグレイブ
"キノガッサ,ミミズズ,ハバタクカミ,サーフゴー,ヘイラッシャ,ヌメルゴン","ドオー,テツノカイナ,キョジオーン,ハバタクカミ,テツノツツミ,アーマーガア",ヌメルゴン,ミミズズ,ハバタクカミ,テツノツツミ,ドオー,アーマーガア
"キノガッサ,ミミズズ,ハバタクカミ,サーフゴー,ヘイラッシャ,ヌメルゴン","テツノブジン,イダイナキバ,ウォッシュロトム,ニンフィア,グレンアルマ,ドドゲザン",ヌメルゴン,ミミズズ,キノガッサ,グレンアルマ,ドドゲザン,Unseen
"キノガッサ,ミミズズ,ハバタクカミ,サーフゴー,ヘイラッシャ,ヌメルゴン","ハッサム,ジバコイル,ヒートロトム,ドラパルト,アラブルタケ,ハバタクカミ",ヌメルゴン,ハバタクカミ,ミミズズ,ハッサム,ジバコイル,ハバタクカミ
"キノガッサ,ミミズズ,ハバタクカミ,サーフゴー,ヘイラッシャ,ヌメルゴン","ムクホーク,イダイナキバ,ラウドボーン,マスカーニャ,テツノツツミ,ジバコイル",ヌメルゴン,ミミズズ,ハバタクカミ,ムクホーク,テツノツツミ,ジバコイル
"キノガッサ,ミミズズ,ハバタクカミ,サーフゴー,ヘイラッシャ,ヌメルゴン","ドオー,アーマーガア,キョジオーン,トドロクツキ,ハバタクカミ,テツノドクガ",ヌメルゴン,ミミズズ,ハバタクカミ,キョジオーン,ドオー,アーマーガア
"キノガッサ,ハバタクカミ,サーフゴー,ヘイラッシャ,ヌメルゴン,ミミズズ","テツノブジン,キノガッサ,ハッサム,アーマーガア,テツノツツミ,テツノドクガ",ハバタクカミ,ミミズズ,キノガッサ,テツノドクガ,バンギラス,Unseen
"キノガッサ,ハバタクカミ,サーフゴー,ヘイラッシャ,ヌメルゴン,ミミズズ","アラブルタケ,カイリュー,キラフロル,コノヨザル,セグレイブ,ハバタクカミ",ハバタクカミ,ミミズズ,サーフゴー,カイリュー,ハバタクカミ,コノヨザル
"キノガッサ,ハバタクカミ,サーフゴー,ヘイラッシャ,ヌメルゴン,ミミズズ","ハラバリー,アーマーガア,イダイナキバ,ミミッキュ,サーフゴー,セグレイブ",ハバタクカミ,ミミズズ,サーフゴー,セグレイブ,ハラバリー,サーフゴー
"キノガッサ,ハバタクカミ,サーフゴー,ヘイラッシャ,ヌメルゴン,ミミズズ","ブラッキー,ウインディ,サーフゴー,カイリュー,ドオー,マスカーニャ",ハバタクカミ,ミミズズ,ヌメルゴン,サーフゴー,ドオー,ウインディ
"キノガッサ,ハバタクカミ,サーフゴー,ヘイラッシャ,ヌメルゴン,ミミズズ","ガブリアス,ドドゲザン,テツノドクガ,ハバタクカミ,コノヨザル,ドラパルト",ハバタクカミ,ミミズズ,ヌメルゴン,コノヨザル,テツノドクガ,ハバタクカミ
"キノガッサ,ハバタクカミ,サーフゴー,テツノドクガ,ヌメルゴン,ミミズズ","コノヨザル,ハッサム,ガブリアス,ジバコイル,サーフゴー,ウルガモス",ハバタクカミ,ヌメルゴン,テツノドクガ,ハッサム,ガブリアス,ウルガモス
"キノガッサ,ハバタクカミ,サーフゴー,テツノドクガ,ヌメルゴン,ミミズズ","カバルドン,カイリュー,サーフゴー,ドドゲザン,テツノツツミ,ミミッキュ",キノガッサ,ミミズズ,ヌメルゴン,テツノツツミ,サーフゴー,ドドゲザン
"キノガッサ,ハバタクカミ,サーフゴー,テツノドクガ,ヌメルゴン,ミミズズ","マスカーニャ,ジバコイル,セグレイブ,カバルドン,カイリュー,テツノツツミ",ハバタクカミ,ミミズズ,テツノドクガ,セグレイブ,ジバコイル,カバルドン
"キノガッサ,ハバタクカミ,サーフゴー,テツノドクガ,ヌメルゴン,ミミズズ","イルカマン,ハバタクカミ,カイリュー,ジバコイル,ブラッキー,コノヨザル",ハバタクカミ,ヌメルゴン,ミミズズ,コノヨザル,ジバコイル,イルカマン
"キノガッサ,ハバタクカミ,サーフゴー,テツノドクガ,ヌメルゴン,ミミズズ","セグレイブ,ハバタクカミ,ヘイラッシャ,カイリュー,ドドゲザン,サーフゴー",テツノドクガ,ミミズズ,ヌメルゴン,セグレイブ,カイリュー,ドドゲザン
"キノガッサ,ハバタクカミ,サーフゴー,ヌメルゴン,ミミズズ,テツノドクガ","ウォッシュロトム,ハッサム,ラウドボーン,カイリュー,サーフゴー,ニンフィア",テツノドクガ,ミミズズ,ヌメルゴン,ウォッシュロトム,カイリュー,フローゼル
"キノガッサ,ハバタクカミ,サーフゴー,ヌメルゴン,ミミズズ,テツノドクガ","サーフゴー,カイリュー,テツノツツミ,アラブルタケ,イダイナキバ,サーフゴー",テツノドクガ,ミミズズ,ハバタクカミ,アラブルタケ,クエスパトラ,イダイナキバ
"キノガッサ,ハバタクカミ,サーフゴー,ヌメルゴン,ミミズズ,テツノドクガ","カバルドン,トドロクツキ,ハバタクカミ,アーマーガア,ドドゲザン,サーフゴー",テツノドクガ,ミミズズ,サーフゴー,カバルドン,トドロクツキ,ドドゲザン
"キノガッサ,ハバタクカミ,サーフゴー,ヌメルゴン,ミミズズ,テツノドクガ","ドラパルト,ハバタクカミ,ドオー,サーフゴー,コノヨザル,カイリュー",ハバタクカミ,ミミズズ,テツノドクガ,コノヨザル,ハバタクカミ,クエスパトラ
"ウインディ,テツノブジン,イルカマン,ジバコイル,ハバタクカミ,サザンドラ","イルカマン,カイリュー,ブラッキー,サーフゴー,キラフロル,ハバタクカミ",イルカマン,ジバコイル,サザンドラ,サーフゴー,カイリュー,ハバタクカミ
"ウインディ,テツノブジン,イルカマン,ジバコイル,ハバタクカミ,サザンドラ","ハバタクカミ,カイリュー,イルカマン,テツノドクガ,フォレトス,セグレイブ",イルカマン,ウインディ,テツノブジン,イルカマン,ハバタクカミ,セグレイブ
"ウインディ,テツノブジン,イルカマン,ジバコイル,ハバタクカミ,サザンドラ","サーナイト,ミミッキュ,サーフゴー,イダイナキバ,カイリュー,コノヨザル",テツノブジン,ハバタクカミ,ジバコイル,ミミッキュ,イダイナキバ,Unseen
"ウインディ,テツノブジン,イルカマン,ジバコイル,ハバタクカミ,サザンドラ","カイリュー,ガブリアス,サザンドラ,オノノクス,ドラパルト,シャリタツ",テツノブジン,ハバタクカミ,サザンドラ,ガブリアス,ドラパルト,オノノクス
"ハバタクカミ,ミミズズ,コノヨザル,パオジアン,テツノドクガ,ディンルー","サーナイト,マリルリ,デカヌチャン,オーロンゲ,クエスパトラ,テツノブジン",テツノドクガ,ハバタクカミ,ディンルー,テツノブジン,マリルリ,デカヌチャン
"ハバタクカミ,ミミズズ,コノヨザル,パオジアン,テツノドクガ,ディンルー","テツノブジン,サーフゴー,ハッサム,カイリュー,サザンドラ,パルデアケンタロス水",コノヨザル,テツノドクガ,ディンルー,テツノブジン,カイリュー,パルデアケンタロス水
"ハバタクカミ,ミミズズ,コノヨザル,パオジアン,テツノドクガ,ディンルー","アーマーガア,テツノツツミ,イーユイ,コノヨザル,トドロクツキ,テツノカイナ",コノヨザル,ディンルー,ハバタクカミ,コノヨザル,イーユイ,テツノカイナ
"ハバタクカミ,ミミズズ,コノヨザル,パオジアン,テツノドクガ,ディンルー","ドラパルト,ディンルー,マリルリ,ニンフィア,イーユイ,サーフゴー",コノヨザル,テツノドクガ,ディンルー,マリルリ,イーユイ,Unseen
"ハバタクカミ,ミミズズ,コノヨザル,パオジアン,テツノドクガ,ディンルー","マスカーニャ,ペリッパー,テツノツツミ,ハッサム,コノヨザル,ドドゲザン",コノヨザル,ミミズズ,パオジアン,ペリッパー,テツノツツミ,ドドゲザン
"ハバタクカミ,ミミズズ,コノヨザル,パオジアン,テツノドクガ,ディンルー","ヘイラッシャ,ジバコイル,カイリュー,キョジオーン,イダイナキバ,テツノツツミ",コノヨザル,ミミズズ,ハバタクカミ,テツノツツミ,イダイナキバ,ジバコイル
"ハバタクカミ,ミミズズ,コノヨザル,パオジアン,テツノドクガ,ディンルー","オノノクス,ドドゲザン,ソウブレイズ,サザンドラ,コノヨザル,キラフロル",テツノドクガ,ミミズズ,パオジアン,コノヨザル,ソウブレイズ,Unseen
"コノヨザル,パオジアン,ディンルー,テツノドクガ,ハバタクカミ,ミミズズ","サーフゴー,パオジアン,テツノドクガ,ウォッシュロトム,テツノカイナ,ハバタクカミ",ミミズズ,コノヨザル,ハバタクカミ,パオジアン,ハバタクカミ,テツノカイナ
"コノヨザル,パオジアン,ディンルー,テツノドクガ,ハバタクカミ,ミミズズ","エーフィ,パルデアケンタロス水,マスカーニャ,ガブリアス,テツノドクガ,イーユイ",コノヨザル,パオジアン,ハバタクカミ,イーユイ,ガブリアス,ブラッキー
"コノヨザル,パオジアン,ディンルー,テツノドクガ,ハバタクカミ,ミミズズ","ドヒドイデ,パオジアン,カイリュー,キョジオーン,ラウドボーン,ハバタクカミ",ディンルー,ハバタクカミ,テツノドクガ,キョジオーン,チオンジェン,ラウドボーン
"コノヨザル,パオジアン,ディンルー,テツノドクガ,ハバタクカミ,ミミズズ","キノガッサ,パオジアン,テツノドクガ,ハバタクカミ,テツノドクガ,ハバタクカミ",コノヨザル,パオジアン,ミミズズ,ディンルー,ハバタクカミ,カイリュー
"コノヨザル,パオジアン,ディンルー,テツノドクガ,ハバタクカミ,ミミズズ","パオジアン,アーマーガア,コノヨザル,ハラバリー,カットロトム,ヌメルゴン",コノヨザル,パオジアン,ミミズズ,カットロトム,コノヨザル,Unseen
"パオジアン,テツノドクガ,ハバタクカミ,ミミズズ,コノヨザル,ヌメルゴン","マリルリ,セグレイブ,ハバタクカミ,ヘイラッシャ,ディンルー,スナノケガワ",コノヨザル,ミミズズ,ハバタクカミ,ハバタクカミ,マリルリ,Unseen
"パオジアン,テツノドクガ,ハバタクカミ,ミミズズ,コノヨザル,ヌメルゴン","テツノツツミ,ハバタクカミ,キラフロル,キョジオーン,マリルリ,カイリュー",コノヨザル,ヌメルゴン,ミミズズ,キョジオーン,カイリュー,ハバタクカミ
"パオジアン,テツノドクガ,ハバタクカミ,ミミズズ,コノヨザル,ヌメルゴン","キョジオーン,マスカーニャ,イエッサン,キラフロル,ハバタクカミ,パオジアン",ハバタクカミ,コノヨザル,パオジアン,キラフロル,キョジオーン,ハバタクカミ
"パオジアン,テツノドクガ,ハバタクカミ,ミミズズ,コノヨザル,ヌメルゴン","ドンファン,ドドゲザン,ハバタクカミ,カイリュー,イーユイ,キノガッサ",コノヨザル,ミミズズ,ヌメルゴン,イーユイ,ハバタクカミ,ドドゲザン
"パオジアン,ハバタクカミ,ジバコイル,ミミズズ,コノヨザル,マリルリ","イーユイ,テツノツツミ,カイリュー,チヲハウハネ,パオジアン,ハバタクカミ",コノヨザル,ジバコイル,パオジアン,カイリュー,イーユイ,チヲハウハネ
"パオジアン,ハバタクカミ,ジバコイル,ミミズズ,コノヨザル,マリルリ","ハバタクカミ,マリルリ,カイリュー,ディンルー,キノガッサ,イーユイ",コノヨザル,ミミズズ,ジバコイル,キノガッサ,ディンルー,カイリュー
"パオジアン,ハバタクカミ,ジバコイル,ミミズズ,コノヨザル,マリルリ","アーマーガア,マリルリ,ハバタクカミ,トリトドン,テツノドクガ,イーユイ",マリルリ,ジバコイル,ハバタクカミ,マリルリ,アーマーガア,トリトドン
"パオジアン,ハバタクカミ,ジバコイル,ミミズズ,コノヨザル,マリルリ","マリルリ,カイリュー,キラフロル,キノガッサ,イーユイ,テツノカイナ",コノヨザル,ハバタクカミ,ミミズズ,キノガッサ,マリルリ,イーユイ
"イーユイ,ハバタクカミ,ジバコイル,ミミズズ,コノヨザル,マリルリ","キョジオーン,カイリュー,サーフゴー,パオジアン,ドヒドイデ,チオンジェン",ハバタクカミ,ジバコイル,イーユイ,ドヒドイデ,チオンジェン,パオジアン
"イーユイ,ハバタクカミ,ジバコイル,ミミズズ,コノヨザル,マリルリ","パオジアン,テツノツツミ,モロバレル,イーユイ,ハバタクカミ,カイリュー",コノヨザル,ジバコイル,イーユイ,パオジアン,モロバレル,テツノツツミ
"イーユイ,ハバタクカミ,ジバコイル,ミミズズ,コノヨザル,マリルリ","テツノドクガ,カイリュー,パオジアン,ヤミラミ,バンバドロ,リククラゲ",コノヨザル,マリルリ,ハバタクカミ,バンバドロ,パオジアン,テツノドクガ
"イーユイ,ハバタクカミ,ジバコイル,ミミズズ,コノヨザル,マリルリ","モロバレル,ドラパルト,ジバコイル,セグレイブ,テツノドクガ,マリルリ",コノヨザル,マリルリ,ハバタクカミ,ドラパルト,マリルリ,Unseen
"イーユイ,ハバタクカミ,ジバコイル,ミミズズ,コノヨザル,マリルリ","イーユイ,ハバタクカミ,チオンジェン,パオジアン,ジバコイル,イルカマン",ジバコイル,マリルリ,イーユイ,ジバコイル,イーユイ,ハバタクカミ
"イーユイ,ハバタクカミ,ジバコイル,ミミズズ,コノヨザル,マリルリ","キラフロル,ブリムオン,エンニュート,ガブリアス,イルカマン,ヘイラッシャ",ジバコイル,ハバタクカミ,ミミズズ,イルカマン,ガブリアス,ヘイラッシャ
"イーユイ,ハバタクカミ,ジバコイル,ミミズズ,コノヨザル,マリルリ","テツノブジン,カイリュー,ハッサム,ウォッシュロトム,ラウドボーン,マスカーニャ",コノヨザル,イーユイ,ハバタクカミ,ウォッシュロトム,ハッサム,テツノブジン
"イーユイ,ハバタクカミ,ジバコイル,ミミズズ,マリルリ,コノヨザル","パオジアン,キョジオーン,サケブシッポ,サザンドラ,カイリュー,ミミッキュ",コノヨザル,ハバタクカミ,ジバコイル,サケブシッポ,パオジアン,ミミッキュ
"イーユイ,ハバタクカミ,ジバコイル,ミミズズ,マリルリ,コノヨザル","カイリュー,マリルリ,キノガッサ,サーフゴー,コータス,ハバタクカミ",コノヨザル,ミミズズ,イーユイ,キノガッサ,マリルリ,サーフゴー
"イーユイ,ハバタクカミ,ジバコイル,ミミズズ,マリルリ,コノヨザル","ウェーニバル,ニンフィア,セグレイブ,エンニュート,ディンルー,イーユイ",コノヨザル,ミミズズ,ジバコイル,ディンルー,ウェーニバル,Unseen
"イーユイ,ハバタクカミ,ジバコイル,ミミズズ,マリルリ,コノヨザル","キラフロル,ディンルー,テツノカイナ,ニンフィア,マスカーニャ,テツノドクガ",イーユイ,ミミズズ,ジバコイル,キラフロル,テツノドクガ,Unseen
"イーユイ,ハバタクカミ,ジバコイル,ミミズズ,マリルリ,コノヨザル","テツノツツミ,マリルリ,テツノドクガ,アーマーガア,パオジアン,コノヨザル",コノヨザル,ミミズズ,ジバコイル,パオジアン,テツノツツミ,テツノドクガ
"イーユイ,ハバタクカミ,ジバコイル,ミミズズ,マリルリ,コノヨザル","ムクホーク,ベトベトン,ハバタクカミ,デカヌチャン,カイリュー,パオジアン",コノヨザル,マリルリ,ジバコイル,ベトベトン,オニゴーリ,ハバタクカミ
"イーユイ,ハバタクカミ,ジバコイル,ミミズズ,マリルリ,コノヨザル","ガブリアス,ヘイラッシャ,ミミッキュ,サーフゴー,パオジアン,ドオー",イーユイ,ミミズズ,マリルリ,ドオー,パオジアン,ヘイラッシャ
"イーユイ,ハバタクカミ,ジバコイル,ミミズズ,マリルリ,コノヨザル","ジバコイル,セグレイブ,ハバタクカミ,テツノツツミ,サーフゴー,マスカーニャ",コノヨザル,ミミズズ,ジバコイル,ジバコイル,セグレイブ,テツノツツミ
"イーユイ,ハバタクカミ,ジバコイル,ミミズズ,マリルリ,コノヨザル","ヒートロトム,ミミズズ,ハバタクカミ,セグレイブ,ドヒドイデ,ドンファン",ハバタクカミ,ミミズズ,マリルリ,ヒートロトム,ドヒドイデ,Unseen
"イーユイ,ハバタクカミ,ジバコイル,ミミズズ,マリルリ,コノヨザル","コノヨザル,ジバコイル,マリルリ,パオジアン,テツノドクガ,カイリュー",コノヨザル,マリルリ,ハバタクカミ,コノヨザル,マリルリ,Unseen
"イーユイ,ハバタクカミ,ジバコイル,ミミズズ,マリルリ,コノヨザル","シャワーズ,ハバタクカミ,ハッサム,セグレイブ,イダイナキバ,ドオー",コノヨザル,ミミズズ,ジバコイル,ドオー,ハバタクカミ,イダイナキバ
"イーユイ,ハバタクカミ,ジバコイル,ミミズズ,ヘイラッシャ,コノヨザル","セグレイブ,ハバタクカミ,キョジオーン,イルカマン,ミミッキュ,カイリュー",コノヨザル,ミミズズ,ハバタクカミ,イルカマン,ハバタクカミ,セグレイブ
"イーユイ,ハバタクカミ,ジバコイル,ミミズズ,ヘイラッシャ,コノヨザル","ハバタクカミ,カイリュー,サーフゴー,イーユイ,ディンルー,コノヨザル",コノヨザル,ヘイラッシャ,イーユイ,イーユイ,ハバタクカミ,Unseen
"イーユイ,ハバタクカミ,ジバコイル,ミミズズ,ヘイラッシャ,コノヨザル","カイリュー,ウォッシュロトム,テツノツツミ,ハリテヤマ,ドヒドイデ,イーユイ",ジバコイル,イーユイ,コノヨザル,ハリテヤマ,テツノツツミ,イーユイ
"イーユイ,ハバタクカミ,ジバコイル,ミミズズ,ヘイラッシャ,コノヨザル","ハバタクカミ,テツノツツミ,コノヨザル,ディンルー,カイリュー,ヘイラッシャ",コノヨザル,ジバコイル,ミミズズ,コノヨザル,ヘイラッシャ,テツノツツミ
"イーユイ,ハバタクカミ,ジバコイル,ミミズズ,ヘイラッシャ,コノヨザル","ウインディ,ハバタクカミ,スナノケガワ,モロバレル,パオジアン,ディンルー",コノヨザル,ミミズズ,ハバタクカミ,スナノケガワ,ウインディ,モロバレル
"イーユイ,ハバタクカミ,ジバコイル,ミミズズ,エルレイド,サーフゴー","キラフロル,ルガルガンたそがれ,テツノツツミ,ディンルー,イーユイ,アーマーガア",エルレイド,ジバコイル,サーフゴー,ディンルー,アーマーガア,テツノツツミ
"イーユイ,ハバタクカミ,ジバコイル,ミミズズ,エルレイド,サーフゴー","テツノドクガ,テツノブジン,コノヨザル,ドドゲザン,サーフゴー,イーユイ",エルレイド,ジバコイル,イーユイ,イーユイ,テツノブジン,Unseen
"イーユイ,ハバタクカミ,ジバコイル,ミミズズ,エルレイド,サーフゴー","アーマーガア,キョジオーン,チオンジェン,ドヒドイデ,ハピナス,パオジアン",エルレイド,ハバタクカミ,サーフゴー,ドヒドイデ,アーマーガア,Unseen
"イーユイ,ハバタクカミ,ジバコイル,ミミズズ,エルレイド,サーフゴー","ハバタクカミ,マリルリ,カイリュー,サーフゴー,セグレイブ,イーユイ",エルレイド,ミミズズ,ジバコイル,イーユイ,サーフゴー,マリルリ
"エルレイド,イーユイ,カイリュー,ハバタクカミ,ジバコイル,ミミズズ","ウインディ,エーフィ,ディンルー,ハバタクカミ,テツノドクガ,モロバレル",エルレイド,ハバタクカミ,ジバコイル,ウインディ,テツノドクガ,エーフィ
"エルレイド,イーユイ,カイリュー,ハバタクカミ,ジバコイル,ミミズズ","パルシェン,マリルリ,コノヨザル,ディンルー,カイリュー,ハバタクカミ",エルレイド,ミミズズ,ジバコイル,ハバタクカミ,マリルリ,コノヨザル
"エルレイド,イーユイ,カイリュー,ハバタクカミ,ジバコイル,ミミズズ","コノヨザル,テツノドクガ,イルカマン,ハバタクカミ,エルレイド,アーマーガア",エルレイド,ミミズズ,ジバコイル,エルレイド,イルカマン,ハバタクカミ
"エルレイド,イーユイ,カイリュー,ハバタクカミ,ジバコイル,ミミズズ","ディンルー,ハバタクカミ,イーユイ,ハッサム,モロバレル,パオジアン",エルレイド,ミミズズ,カイリュー,パオジアン,Unseen,Unseen
"エルレイド,イーユイ,カイリュー,ハバタクカミ,ジバコイル,ミミズズ","パオジアン,ガブリアス,コノヨザル,カイリュー,ジバコイル,テツノツツミ",エルレイド,ミミズズ,ハバタクカミ,コノヨザル,パオジアン,テツノツツミ
"エルレイド,イーユイ,カイリュー,ハバタクカミ,ジバコイル,ミミズズ","カイリュー,キラフロル,カバルドン,パオジアン,サーフゴー,イーユイ",エルレイド,ミミズズ,イーユイ,キラフロル,カイリュー,イーユイ
"エルレイド,マリルリ,ハバタクカミ,ジバコイル,ミミズズ,パオジアン","イーユイ,パオジアン,アーマーガア,サーフゴー,キラフロル,ミミッキュ",エルレイド,マリルリ,ジバコイル,キラフロル,アーマーガア,イーユイ
"エルレイド,マリルリ,ハバタクカミ,ジバコイル,ミミズズ,パオジアン","パオジアン,ハバタクカミ,キョジオーン,カイリュー,テツノツツミ,サーフゴー",エルレイド,ハバタクカミ,マリルリ,テツノツツミ,カイリュー,キョジオーン
"エルレイド,マリルリ,ハバタクカミ,ジバコイル,ミミズズ,パオジアン","テツノツツミ,カイリュー,コノヨザル,アーマーガア,セグレイブ,ハバタクカミ",エルレイド,ミミズズ,ジバコイル,コノヨザル,アーマーガア,ハバタクカミ
"エルレイド,マリルリ,ハバタクカミ,ジバコイル,ミミズズ,パオジアン","カイリュー,サーフゴー,ドヒドイデ,テツノツツミ,ディンルー,テツノブジン",エルレイド,ジバコイル,パオジアン,テツノブジン,ディンルー,ドヒドイデ
"エルレイド,マリルリ,ハバタクカミ,ジバコイル,ミミズズ,パオジアン","カイリュー,ドドゲザン,ニンフィア,ブラッキー,コノヨザル,ハッサム",エルレイド,ミミズズ,ジバコイル,ドドゲザン,カイリュー,Unseen
"エルレイド,マリルリ,ハバタクカミ,ジバコイル,ミミズズ,パオジアン","ハッサム,ハバタクカミ,テツノツツミ,カイリュー,イーユイ,イダイナキバ",パオジアン,ミミズズ,ジバコイル,ハッサム,イーユイ,テツノツツミ
"エルレイド,マリルリ,ハバタクカミ,ジバコイル,ミミズズ,パオジアン","ラウドボーン,コノヨザル,ソウブレイズ,ヤミラミ,ハバタクカミ,サーフゴー",エルレイド,ジバコイル,ハバタクカミ,ソウブレイズ,コノヨザル,Unseen
"エルレイド,マリルリ,ハバタクカミ,ジバコイル,ミミズズ,パオジアン","イーユイ,ミミッキュ,ドヒドイデ,テツノツツミ,チオンジェン,カイリュー",エルレイド,ジバコイル,ミミズズ,ドヒドイデ,チオンジェン,ミミッキュ
"エルレイド,マリルリ,ハバタクカミ,ジバコイル,ミミズズ,パオジアン","パオジアン,イーユイ,チオンジェン,テツノドクガ,サーフゴー,イルカマン",エルレイド,ミミズズ,マリルリ,イルカマン,チオンジェン,テツノドクガ
"エルレイド,ハバタクカミ,ジバコイル,ミミズズ,マリルリ,パオジアン","カバルドン,カイリュー,サーフゴー,ハバタクカミ,エルレイド,セグレイブ",エルレイド,ミミズズ,マリルリ,エルレイド,ハバタクカミ,セグレイブ
"エルレイド,ハバタクカミ,ジバコイル,ミミズズ,マリルリ,パオジアン","ディンルー,サーフゴー,ギャラドス,ハリテヤマ,テツノドクガ,パオジアン",エルレイド,マリルリ,ハバタクカミ,ディンルー,ハリテヤマ,テツノドクガ
"エルレイド,ハバタクカミ,ジバコイル,ミミズズ,マリルリ,パオジアン","ドヒドイデ,クレベース,チオンジェン,ハピナス,サーフゴー,ヘイラッシャ",エルレイド,ジバコイル,パオジアン,ドヒドイデ,クレベース,Unseen
"エルレイド,ハバタクカミ,ジバコイル,ミミズズ,マリルリ,パオジアン","セグレイブ,ディンルー,ガブリアス,テツノドクガ,ハバタクカミ,ヘイラッシャ",エルレイド,ミミズズ,マリルリ,ウェーニバル,テツノドクガ,Unseen
"エルレイド,ハバタクカミ,ジバコイル,ミミズズ,マリルリ,パオジアン","マリルリ,ソウブレイズ,セグレイブ,マスカーニャ,イルカマン,ゲンガー",エルレイド,ミミズズ,パオジアン,ソウブレイズ,セグレイブ,マリルリ
"エルレイド,ハバタクカミ,ジバコイル,ミミズズ,マリルリ,パオジアン","カバルドン,カイリュー,サーフゴー,ハバタクカミ,エルレイド,セグレイブ",エルレイド,ミミズズ,マリルリ,エルレイド,ハバタクカミ,セグレイブ
"エルレイド,ハバタクカミ,ジバコイル,ミミズズ,マリルリ,パオジアン","ディンルー,サーフゴー,ギャラドス,ハリテヤマ,テツノドクガ,パオジアン",エルレイド,マリルリ,ハバタクカミ,ディンルー,ハリテヤマ,テツノドクガ
"エルレイド,ハバタクカミ,ジバコイル,ミミズズ,マリルリ,パオジアン","ドヒドイデ,クレベース,チオンジェン,ハピナス,サーフゴー,ヘイラッシャ",エルレイド,ジバコイル,パオジアン,ドヒドイデ,クレベース,Unseen
"エルレイド,ハバタクカミ,ジバコイル,ミミズズ,マリルリ,パオジアン","セグレイブ,ディンルー,ガブリアス,テツノドクガ,ハバタクカミ,ヘイラッシャ",エルレイド,ミミズズ,マリルリ,ウェーニバル,テツノドクガ,Unseen
"エルレイド,ハバタクカミ,ジバコイル,ミミズズ,マリルリ,パオジアン","マリルリ,ソウブレイズ,セグレイブ,マスカーニャ,イルカマン,ゲンガー",エルレイド,ミミズズ,パオジアン,ソウブレイズ,セグレイブ,マリルリ
"エルレイド,ハバタクカミ,ジバコイル,ミミズズ,マリルリ,パオジアン","ラウドボーン,ドラパルト,サーフゴー,ディンルー,カイリュー,テツノツツミ",エルレイド,ジバコイル,パオジアン,ラウドボーン,サーフゴー,ディンルー
"エルレイド,ハバタクカミ,ジバコイル,ミミズズ,マリルリ,パオジアン","キノガッサ,ハバタクカミ,テツノドクガ,ハッサム,コノヨザル,ヌメルゴン",ハバタクカミ,エルレイド,パオジアン,キノガッサ,ハッサム,テツノドクガ
"エルレイド,ハバタクカミ,ジバコイル,ミミズズ,マリルリ,パオジアン","カイリュー,テツノツツミ,イーユイ,コノヨザル,マリルリ,サーフゴー",エルレイド,ジバコイル,ハバタクカミ,マリルリ,コノヨザル,サーフゴー
"エルレイド,ハバタクカミ,ジバコイル,ミミズズ,マリルリ,パオジアン","テツノツツミ,パオジアン,カイリュー,ハバタクカミ,ジバコイル,サーフゴー",エルレイド,ジバコイル,マリルリ,パオジアン,カイリュー,サーフゴー
"エルレイド,ハバタクカミ,ジバコイル,ミミズズ,マリルリ,パオジアン","ディンルー,ハバタクカミ,テツノドクガ,カイリュー,ヘイラッシャ,パオジアン",エルレイド,ジバコイル,パオジアン,ハバタクカミ,カイリュー,テツノドクガ
"エルレイド,ハバタクカミ,ジバコイル,ミミズズ,マリルリ,パオジアン","サーフゴー,キノガッサ,ドラパルト,セグレイブ,カイリュー,ハバタクカミ",ハバタクカミ,ミミズズ,パオジアン,キノガッサ,ドラパルト,Unseen
"エルレイド,ハバタクカミ,ジバコイル,ミミズズ,マリルリ,パオジアン","パオジアン,ハバタクカミ,チオンジェン,アーマーガア,キラフロル,セグレイブ",エルレイド,ミミズズ,ジバコイル,パオジアン,アーマーガア,チオンジェン
"エルレイド,ハバタクカミ,ジバコイル,ミミズズ,マリルリ,パオジアン","マリルリ,ハバタクカミ,キノガッサ,パオジアン,ウルガモス,アーマーガア",ハバタクカミ,エルレイド,ジバコイル,キノガッサ,マリルリ,アーマーガア
"エルレイド,ハバタクカミ,ジバコイル,ミミズズ,マリルリ,パオジアン","テツノブジン,セグレイブ,ドドゲザン,ハバタクカミ,カイリュー,ヘイラッシャ",エルレイド,ミミズズ,パオジアン,テツノブジン,カイリュー,ハバタクカミ
"エルレイド,ハバタクカミ,ジバコイル,ミミズズ,マリルリ,パオジアン","デカヌチャン,イーユイ,ガブリアス,サーフゴー,テツノカイナ,チオンジェン",エルレイド,マリルリ,ジバコイル,イーユイ,デカヌチャン,テツノカイナ
"エルレイド,ハバタクカミ,ジバコイル,ミミズズ,マリルリ,パオジアン","キラフロル,アーマーガア,ヤドラン,テツノツツミ,ゴチルゼル,ガブリアス",エルレイド,ジバコイル,パオジアン,ガブリアス,ヤドラン,テツノツツミ
"エルレイド,ハバタクカミ,ジバコイル,ミミズズ,アラブルタケ,パオジアン","マスカーニャ,ニンフィア,デカヌチャン,ラウドボーン,トリトドン,チヲハウハネ",アラブルタケ,ジバコイル,エルレイド,ニンフィア,トリトドン,デカヌチャン
"エルレイド,ハバタクカミ,ジバコイル,ミミズズ,アラブルタケ,パオジアン","ブラッキー,イーユイ,ソウブレイズ,イルカマン,イダイナキバ,カットロトム",エルレイド,ミミズズ,パオジアン,カットロトム,イルカマン,ブラッキー
"エルレイド,ハバタクカミ,ジバコイル,ミミズズ,アラブルタケ,パオジアン","ウォッシュロトム,セグレイブ,ハバタクカミ,コノヨザル,ドドゲザン,サーフゴー",エルレイド,ミミズズ,ハバタクカミ,コノヨザル,ドドゲザン,ハバタクカミ
"エルレイド,ハバタクカミ,ジバコイル,ミミズズ,アラブルタケ,パオジアン","ディンルー,セグレイブ,ウインディ,カイリュー,モロバレル,ハバタクカミ",エルレイド,ミミズズ,ハバタクカミ,ハバタクカミ,ウインディ,セグレイブ
"エルレイド,ハバタクカミ,ジバコイル,ミミズズ,アラブルタケ,パオジアン","ハバタクカミ,コノヨザル,カイリュー,ガブリアス,イーユイ,ニンフィア",エルレイド,ハバタクカミ,アラブルタケ,イーユイ,カイリュー,コノヨザル
"エルレイド,ハバタクカミ,ジバコイル,ミミズズ,アラブルタケ,パオジアン","ハバタクカミ,パオジアン,ディンルー,ヒートロトム,マスカーニャ,キョジオーン",エルレイド,ハバタクカミ,パオジアン,ヒートロトム,キョジオーン,ディンルー
"エルレイド,ハバタクカミ,ジバコイル,ミミズズ,アラブルタケ,パオジアン","タイカイデン,デカヌチャン,トドロクツキ,ラウドボーン,リキキリン,パルシェン",アラブルタケ,ハバタクカミ,ジバコイル,タイカイデン,リキキリン,デカヌチャン
"エルレイド,ハバタクカミ,ジバコイル,ミミズズ,アラブルタケ,パオジアン","カイリュー,ドドゲザン,イダイナキバ,ハバタクカミ,テツノツツミ,テツノドクガ",エルレイド,アラブルタケ,ジバコイル,テツノドクガ,カイリュー,テツノツツミ
"エルレイド,ハバタクカミ,ジバコイル,ミミズズ,サーフゴー,パオジアン","アーマーガア,セグレイブ,コノヨザル,テツノツツミ,デカヌチャン,バンギラス",エルレイド,ミミズズ,ジバコイル,デカヌチャン,コノヨザル,Unseen
"エルレイド,ハバタクカミ,ジバコイル,ミミズズ,サーフゴー,パオジアン","ミミッキュ,ウォッシュロトム,ウルガモス,カイリュー,サーフゴー,コノヨザル",エルレイド,ジバコイル,ハバタクカミ,ウォッシュロトム,ウルガモス,Unseen
"エルレイド,ハバタクカミ,ジバコイル,ミミズズ,サーフゴー,パオジアン","マリルリ,カイリュー,ハバタクカミ,マリルリ,サーフゴー,パオジアン",パオジアン,エルレイド,ハバタクカミ,パオジアン,カイリュー,Unseen
"エルレイド,ハバタクカミ,ジバコイル,ミミズズ,パオジアン,アラブルタケ","ウルガモス,ウェーニバル,サーフゴー,セグレイブ,ハバタクカミ,ウォッシュロトム",アラブルタケ,エルレイド,ミミズズ,ウルガモス,サーフゴー,ハバタクカミ
"エルレイド,ハバタクカミ,ジバコイル,ミミズズ,パオジアン,アラブルタケ","サーフゴー,ディンルー,ルカリオ,テツノドクガ,マリルリ,セグレイブ",アラブルタケ,パオジアン,エルレイド,サーフゴー,セグレイブ,テツノドクガ
"エルレイド,ハバタクカミ,ジバコイル,ミミズズ,パオジアン,アラブルタケ","ガブリアス,テツノツツミ,テツノドクガ,ハバタクカミ,サーフゴー,キョジオーン",アラブルタケ,ハバタクカミ,エルレイド,ガブリアス,テツノドクガ,ハバタクカミ
"エルレイド,ハバタクカミ,ジバコイル,ミミズズ,パオジアン,アラブルタケ","テツノツツミ,ファイアロー,ドオー,ハバタクカミ,ハッサム,セグレイブ",アラブルタケ,ミミズズ,エルレイド,ファイアロー,Unseen,Unseen
"エルレイド,ハバタクカミ,ジバコイル,ミミズズ,パオジアン,アラブルタケ","カバルドン,コノヨザル,ディンルー,チオンジェン,ドドゲザン,ヌメルゴン",エルレイド,ミミズズ,パオジアン,カバルドン,コノヨザル,ディンルー
"エルレイド,ハバタクカミ,ジバコイル,ミミズズ,パオジアン,アラブルタケ","ヒートロトム,ディンルー,ヤミラミ,サーフゴー,キラフロル,カイリュー",アラブルタケ,ハバタクカミ,パオジアン,ヤミラミ,ヒートロトム,Unseen
"エルレイド,ハバタクカミ,ジバコイル,ミミズズ,パオジアン,アラブルタケ","テツノツツミ,テツノカイナ,コノヨザル,パオジアン,モロバレル,キョジオーン",エルレイド,ハバタクカミ,ミミズズ,パオジアン,モロバレル,キョジオーン
"エルレイド,ハバタクカミ,ジバコイル,ミミズズ,パオジアン,アラブルタケ","キノガッサ,サーフゴー,パオジアン,アーマーガア,トドロクツキ,マリルリ",アラブルタケ,ミミズズ,パオジアン,アーマーガア,サーフゴー,パオジアン
"エルレイド,ハバタクカミ,ジバコイル,ミミズズ,パオジアン,アラブルタケ","テツノツツミ,ガブリアス,カイリュー,パオジアン,イーユイ,ディンルー",エルレイド,ミミズズ,パオジアン,ディンルー,イーユイ,パオジアン
"エルレイド,ハバタクカミ,ジバコイル,ミミズズ,パオジアン,アラブルタケ","エルレイド,サーナイト,イーユイ,テツノツツミ,ディンルー,サーフゴー",アラブルタケ,ジバコイル,パオジアン,エルレイド,イーユイ,サーナイト
"エルレイド,ハバタクカミ,ジバコイル,ミミズズ,パオジアン,アラブルタケ","パオジアン,サーフゴー,テツノツツミ,テツノワダチ,カバルドン,カイリュー",アラブルタケ,ハバタクカミ,パオジアン,テツノワダチ,サーフゴー,カイリュー
"エルレイド,ハバタクカミ,ジバコイル,ヘイラッシャ,パオジアン,アラブルタケ","カイリュー,ディンルー,テツノツツミ,ハバタクカミ,キラフロル,テツノドクガ",エルレイド,ハバタクカミ,アラブルタケ,カイリュー,キラフロル,Unseen
"エルレイド,ハバタクカミ,ジバコイル,ヘイラッシャ,パオジアン,アラブルタケ","ミミッキュ,ディンルー,ハバタクカミ,サーフゴー,キラフロル,マリルリ",アラブルタケ,ジバコイル,パオジアン,キラフロル,サーフゴー,ディンルー
"エルレイド,ハバタクカミ,ジバコイル,ヘイラッシャ,パオジアン,アラブルタケ","カイリュー,ヘイラッシャ,サーフゴー,ハッサム,テツノドクガ,ハバタクカミ",アラブルタケ,エルレイド,ジバコイル,ハッサム,サーフゴー,ハバタクカミ
"エルレイド,ハバタクカミ,ジバコイル,ヘイラッシャ,パオジアン,アラブルタケ","ディンルー,テツノドクガ,ハバタクカミ,ハッサム,セグレイブ,カイリュー",エルレイド,ヘイラッシャ,パオジアン,ハッサム,ハバタクカミ,カイリュー
"エルレイド,ハバタクカミ,ジバコイル,ヘイラッシャ,パオジアン,アラブルタケ","キラフロル,ディンルー,ウェーニバル,イーユイ,ジバコイル,チヲハウハネ",アラブルタケ,ハバタクカミ,エルレイド,チヲハウハネ,ディンルー,Unseen
"エルレイド,ハバタクカミ,ジバコイル,ヘイラッシャ,パオジアン,アラブルタケ","パオジアン,ハバタクカミ,イダイナキバ,テツノドクガ,カイリュー,アーマーガア",エルレイド,ジバコイル,パオジアン,パオジアン,ハバタクカミ,カイリュー
"エルレイド,ハバタクカミ,ジバコイル,ヘイラッシャ,パオジアン,アラブルタケ","チオンジェン,マリルリ,ハッサム,テツノドクガ,テツノカイナ,ハラバリー",アラブルタケ,ハバタクカミ,ジバコイル,ハリテヤマ,テツノドクガ,ハラバリー
"エルレイド,ハバタクカミ,ジバコイル,ヘイラッシャ,パオジアン,アラブルタケ","パオジアン,ドラパルト,ディンルー,サーフゴー,テツノドクガ,ウェーニバル",アラブルタケ,エルレイド,ハバタクカミ,ディンルー,テツノドクガ,パオジアン
"エルレイド,ハバタクカミ,ジバコイル,ヘイラッシャ,パオジアン,アラブルタケ","カイリュー,ギャラドス,コノヨザル,サーフゴー,ウォッシュロトム,ディンルー",エルレイド,ハバタクカミ,パオジアン,カイリュー,ギャラドス,コノヨザル
"ヒスイドレディア,ノココッチ,ヒードラン,ハバタクカミ,パオジアン,ウォッシュロトム","霊獣ランドロス,パオジアン,へイラッシャ,ウーラオス,サーフゴー,ヒードラン",ノココッチ,ヒスイドレディア,ウォッシュロトム,ウーラオス,ヒードラン,ヘイラッシャ
"ヒスイドレディア,ノココッチ,ヒードラン,ハバタクカミ,パオジアン,ウォッシュロトム","テツノツツミ,ヒスイヌメルゴン,マリルリ,ハバタクカミ,ガチグマ,霊獣ボルトロス",ノココッチ,ヒスイドレディア,パオジアン,マリルリ,ハバタクカミ,Unseen
"エルレイド,ジバコイル,オノノクス,パオジアン,ウォッシュロトム,ハバタクカミ","カバルドン,カイリュー,サーフゴー,ハバタクカミ,テツノツツミ,ミミッキュ",エルレイド,ジバコイル,オノノクス,カイリュー,ミミッキュ,カバルドン
"エルレイド,アーマーガア,オノノクス,パオジアン,ウォッシュロトム,ハバタクカミ","ディンルー,ヘイラッシャ,カイリュー,テツノツツミ,テツノドクガ,パオジアン",エルレイド,ウォッシュロトム,ハバタクカミ,ヘイラッシャ,テツノドクガ,パオジアン
"エルレイド,アーマーガア,オノノクス,パオジアン,ウォッシュロトム,ハバタクカミ","ウォッシュロトム,サーフゴー,ウインディ,コノヨザル,ウルガモス,ガブリアス",エルレイド,ウォッシュロトム,ハバタクカミ,ウインディ,コノヨザル,ウルガモス
"ヒスイドレディア,ウーラオス,ヒードラン,ハバタクカミ,パオジアン,ウォッシュロトム","カイリュー,ベトベトン,ゲンガー,パルシェン,ヤドラン,サンダー",ヒスイドレディア,ウォッシュロトム,ヒードラン,ベトベトン,パルシェン,ヤドラン
"ヒスイドレディア,ウーラオス,ヒードラン,ハバタクカミ,パオジアン,ウォッシュロトム","パオジアン,ヒードラン,カイリュー,ハバタクカミ,ウォッシュロトム,霊獣ランドロス",ヒスイドレディア,ヒードラン,ハバタクカミ,ハバタクカミ,ロトム,霊獣ランドロス
"カイリュー,ウーラオス,ヒスイドレディア,ドラパルト,ハバタクカミ,クエスパトラ","サンダー,ウォッシュロトム,ラウドボーン,ガブリアス,サーフゴー,ブロロローム",ドラパルト,クエスパトラ,ハバタクカミ,サンダー,ウォッシュロトム,Unseen
"カイリュー,ウーラオス,ヒスイドレディア,ドラパルト,ハバタクカミ,クエスパトラ","ガブリアス,キョジオーン,ミミッキュ,ヘイラッシャ,テツノカイナ,サーフゴー",ドラパルト,ヒスイドレディア,ハバタクカミ,キョジオーン,ヘイラッシャ,Unseen
"カイリュー,ウーラオス,ヒスイドレディア,ドラパルト,ハバタクカミ,クエスパトラ","カイリュー,ディンルー,サーフゴー,パオジアン,ウーラオス,ヒスイヌメルゴン",ドラパルト,ヒスイドレディア,ウーラオス,ディンルー,ヒスイヌメルゴン,パオジアン
"パオジアン,ウーラオス,ヒスイドレディア,ドラパルト,ハバタクカミ,クエスパトラ","キラフロル,カイリュー,ユキノオー,ハバタクカミ,ヘイラッシャ,パオジアン",ドラパルト,クエスパトラ,ハバタクカミ,パオジアン,ハバタクカミ,ユキノオー
"パオジアン,ウーラオス,ヒスイドレディア,ドラパルト,ハバタクカミ,クエスパトラ","ドドゲザン,バサギリ,ヒスイヌメルゴン,ハバタクカミ,テツノツツミ,霊獣ランドロス",ドラパルト,クエスパトラ,ウーラオス,バサギリ,ハバタクカミ,テツノツツミ
"パオジアン,ウーラオス,ヒスイドレディア,ドラパルト,ハバタクカミ,クエスパトラ","パオジアン,ヒードラン,ハバタクカミ,カイリュー,マリルリ,サンダー",ドラパルト,ヒスイドレディア,ウーラオス,パオジアン,サンダー,ハバタクカミ
"パオジアン,ウーラオス,ヒスイドレディア,ドラパルト,ハバタクカミ,クエスパトラ","キノガッサ,ハッサム,アーマーガア,ディンルー,イーユイ,パオジアン",ドラパルト,ヒスイドレディア,ウーラオス,ハッサム,イーユイ,アーマーガア
"パオジアン,ウーラオス,ヒスイドレディア,ドラパルト,ハバタクカミ,クエスパトラ","テツノツツミ,パーモット,ミミッキュ,アーマーガア,イーユイ,ディンルー",ドラパルト,ウーラオス,ハバタクカミ,イーユイ,テツノツツミ,ディンルー
"パオジアン,ウーラオス,ヒスイドレディア,ドラパルト,ハバタクカミ,クエスパトラ","セグレイブ,サンダー,霊獣ランドロス,モロバレル,ハバタクカミ,ウーラオス",ドラパルト,クエスパトラ,パオジアン,霊獣ランドロス,ウーラオス,セグレイブ
"パオジアン,ウーラオス,ヒスイドレディア,ドラパルト,ハバタクカミ,クエスパトラ","サーフゴー,ウインディ,ウォッシュロトム,パオジアン,ディンルー,ハバタクカミ",ドラパルト,クエスパトラ,ハバタクカミ,ウォッシュロトム,ウインディ,ディンルー
"パオジアン,ウーラオス,ヒスイドレディア,ドラパルト,ハバタクカミ,クエスパトラ","ウーラオス,ヒスイヌメルゴン,カイリュー,ラウドボーン,デカヌチャン,ゲッコウガ",ドラパルト,クエスパトラ,ウーラオス,ゲッコウガ,ヒスイヌメルゴン,カイリュー
"パオジアン,ウーラオス,ヒスイドレディア,ドラパルト,ハバタクカミ,クエスパトラ","ヘイラッシャ,ディンルー,ハバタクカミ,ヒスイヌメルゴン,カイリュー,テツノツツミ",ドラパルト,ヒスイドレディア,ハバタクカミ,ハバタクカミ,カイリュー,ヘイラッシャ
"パオジアン,ウーラオス,ヒスイドレディア,ドラパルト,ハバタクカミ,クエスパトラ","テツノツツミ,パーモット,ミミッキュ,アーマーガア,イーユイ,ディンルー",ドラパルト,ウーラオス,ハバタクカミ,イーユイ,テツノツツミ,ディンルー
"パオジアン,ウーラオス,ヒスイドレディア,ドラパルト,ハバタクカミ,クエスパトラ","セグレイブ,サンダー,霊獣ランドロス,モロバレル,ハバタクカミ,ウーラオス",ドラパルト,クエスパトラ,パオジアン,霊獣ランドロス,ウーラオス,セグレイブ
"パオジアン,ウーラオス,ヒスイドレディア,ドラパルト,ハバタクカミ,クエスパトラ","サーフゴー,ウインディ,ウォッシュロトム,パオジアン,ディンルー,ハバタクカミ",ドラパルト,クエスパトラ,ハバタクカミ,ウォッシュロトム,ウインディ,ディンルー
"パオジアン,ウーラオス,ヒスイドレディア,ドラパルト,ハバタクカミ,クエスパトラ","ウーラオス,ヒスイヌメルゴン,カイリュー,ラウドボーン,デカヌチャン,ゲッコウガ",ドラパルト,クエスパトラ,ウーラオス,ゲッコウガ,ヒスイヌメルゴン,カイリュー
"パオジアン,ウーラオス,ヒスイドレディア,ドラパルト,ハバタクカミ,クエスパトラ","ヘイラッシャ,ディンルー,ハバタクカミ,ヒスイヌメルゴン,カイリュー,テツノツツミ",ドラパルト,ヒスイドレディア,ハバタクカミ,ハバタクカミ,カイリュー,ヘイラッシャ
"パオジアン,ウーラオス,ヒスイドレディア,ドラパルト,ハバタクカミ,クエスパトラ","パルシェン,ワタッコ,ドータクン,ドヒドイデ,サーフゴー,ボーマンダ",ドラパルト,クエスパトラ,ウーラオス,パルシェン,ワタッコ,Unseen
"パオジアン,ウーラオス,ヒスイドレディア,ドラパルト,ハバタクカミ,クエスパトラ","キラフロル,キョジオーン,ウーラオス,イーユイ,テツノツツミ,カイリュー",ドラパルト,クエスパトラ,ハバタクカミ,イーユイ,カイリュー,Unseen
"パオジアン,ウーラオス,ヒスイドレディア,ドラパルト,ハバタクカミ,クエスパトラ","ウーラオス,ミミッキュ,パオジアン,テツノツツミ,ボーマンダ,ヒードラン",ドラパルト,ヒスイドレディア,ハバタクカミ,ウーラオス,ヒードラン,Unseen
"パオジアン,ウーラオス,キノガッサ,ドラパルト,ハバタクカミ,クエスパトラ","カイリュー,サーフゴー,ハバタクカミ,ウーラオス,ディンルー,パオジアン",ドラパルト,キノガッサ,パオジアン,ウーラオス,ディンルー,ハバタクカミ
"パオジアン,ウーラオス,キノガッサ,ドラパルト,ハバタクカミ,クエスパトラ","オオニューラ,ウーラオス,パオジアン,サーフゴー,霊獣ランドロス,テツノツツミ",ドラパルト,クエスパトラ,ハバタクカミ,オオニューラ,サーフゴー,Unseen
"パオジアン,ウーラオス,キノガッサ,ドラパルト,ハバタクカミ,クエスパトラ","ハバタクカミ,アラブルタケ,チヲハウハネ,テツノツツミ,テツノカイナ,テツノドクガ",ドラパルト,クエスパトラ,パオジアン,チヲハウハネ,アラブルタケ,テツノカイナ
"パオジアン,ウーラオス,キノガッサ,ドラパルト,ハバタクカミ,クエスパトラ","コノヨザル,カイリュー,ミミッキュ,霊獣ランドロス,テツノツツミ,ニンフィア",ドラパルト,キノガッサ,ハバタクカミ,コノヨザル,ニンフィア,ミミッキュ
"パオジアン,ウーラオス,キノガッサ,ドラパルト,ハバタクカミ,クエスパトラ","霊獣ランドロス,エースバーン,ハバタクカミ,ウーラオス,サーフゴー,サンダー",ドラパルト,クエスパトラ,ウーラオス,エースバーン,サンダー,サーフゴー
"パオジアン,ウーラオス,キノガッサ,ドラパルト,ハバタクカミ,クエスパトラ","パオジアン,ハバタクカミ,ウーラオス,ヒードラン,トドロクツキ,カイリュー",ドラパルト,キノガッサ,パオジアン,パオジアン,ウーラオス,カイリュー
"カイリュー,炎オーガポン,ドラパルト,クエスパトラ,ヒスイドレディア,ハバタクカミ","カイリュー,ハバタクカミ,炎オーガポン,パオジアン,サーフゴー,ディンルー",ドラパルト,ヒスイドレディア,カイリュー,ディンルー,サーフゴー,カイリュー
"カイリュー,炎オーガポン,ドラパルト,クエスパトラ,ヒスイドレディア,ハバタクカミ","ディンルー,ドラパルト,ウォッシュロトム,ハバタクカミ,ハッサム,炎オーガポン",ドラパルト,ヒスイドレディア,ハバタクカミ,ドラパルト,ディンルー,Unseen
"カイリュー,炎オーガポン,ドラパルト,クエスパトラ,ヒスイドレディア,ハバタクカミ","ディンルー,炎オーガポン,パオジアン,キチキギス,アーマーガア,ハバタクカミ",ドラパルト,クエスパトラ,炎オーガポン,ハバタクカミ,パオジアン,オーガポン
"カイリュー,炎オーガポン,ドラパルト,クエスパトラ,ヒスイドレディア,ハバタクカミ","ドオー,モロバレル,ハッサム,ハバタクカミ,ラウドボーン,キラフロル",ドラパルト,クエスパトラ,ハバタクカミ,ハバタクカミ,ドオー,ラウドボーン
"カイリュー,炎オーガポン,ドラパルト,クエスパトラ,ヒスイドレディア,ハバタクカミ","炎オーガポン,ドラミドロ,ヒードラン,ガラルサンダー,ウォッシュロトム,ハッサム",ドラパルト,クエスパトラ,カイリュー,ハッサム,ドラミドロ,オーガポン
"カイリュー,炎オーガポン,ドラパルト,クエスパトラ,ヒスイドレディア,ハバタクカミ","ディンルー,ハッサム,パオジアン,カイリュー,サーフゴー,ハバタクカミ",ドラパルト,ヒスイドレディア,カイリュー,ディンルー,パオジアン,ハッサム
"カイリュー,炎オーガポン,ドラパルト,クエスパトラ,セグレイブ,ハバタクカミ","イーユイ,カイリュー,ドオー,パオジアン,マリルリ,キョジオーン",ドラパルト,クエスパトラ,セグレイブ,キョジオーン,パオジアン,カイリュー
"カイリュー,炎オーガポン,ドラパルト,クエスパトラ,セグレイブ,ハバタクカミ","テツノツツミ,炎オーガポン,ハバタクカミ,ウーラオス,カイリュー,ヒスイダイケンキ",ドラパルト,クエスパトラ,ハバタクカミ,ヒスイダイケンキ,ハバタクカミ,Unseen
"カイリュー,ディンルー,岩オーガポン,ヤバソチャ,ウーラオス,ヒスイヌメルゴン","ディンルー,カイリュー,サーフゴー,パオジアン,ハバタクカミ,ウーラオス",岩オーガポン,ヒスイヌメルゴン,ウーラオス,パオジアン,ウーラオス,ハバタクカミ
"カイリュー,ディンルー,岩オーガポン,ヤバソチャ,ウーラオス,ヒスイヌメルゴン","ボーマンダ,ウルガモス,ドラパルト,ハバタクカミ,パルシェン,イイネイヌ",ディンルー,岩オーガポン,カイリュー,イイネイヌ,ボーマンダ,ウルガモス
"カイリュー,コノヨザル,岩オーガポン,ヒスイヌメルゴン,ヤバソチャ,ウーラオス","オーロンゲ,カイリュー,ドオー,サーフゴー,ウォッシュロトム,ラウドボーン",岩オーガポン,ヒスイヌメルゴン,カイリュー,オーロンゲ,ドオー,ラウドボーン
"カイリュー,コノヨザル,岩オーガポン,ヒスイヌメルゴン,ヤバソチャ,ウーラオス","サーフゴー,ハバタクカミ,セグレイブ,炎オーガポン,カイリュー,ウーラオス",コノヨザル,岩オーガポン,ヒスイヌメルゴン,セグレイブ,ハバタクカミ,Unseen
"カイリュー,ディンルー,岩オーガポン,ヤバソチャ,ウーラオス,ヒスイヌメルゴン","霊獣ランドロス,ドヒドイデ,イーユイ,チオンジェン,テツノツツミ,サーフゴー",ディンルー,岩オーガポン,ヒスイヌメルゴン,霊獣ランドロス,チオンジェン,Unseen
"カイリュー,コノヨザル,岩オーガポン,ヒスイヌメルゴン,ヤバソチャ,ウーラオス","炎オーガポン,ヤバソチャ,イーユイ,イダイトウ・オス,カイリュー,サーフゴー",岩オーガポン,ウーラオス,ヒスイヌメルゴン,ヤバソチャ,炎オーガポン,イダイトウ・オス
"カイリュー,ディンルー,岩オーガポン,ヤバソチャ,ウーラオス,ヒスイヌメルゴン","ゴリランダー,イーユイ,ヒードラン,サンダー,霊獣ランドロス,テツノブジン",岩オーガポン,ヤバソチャ,ウーラオス,霊獣ランドロス,イーユイ,ゴリランダー
"カイリュー,ディンルー,岩オーガポン,ヤバソチャ,ウーラオス,ヒスイヌメルゴン","パオジアン,ドヒドイデ,ハバタクカミ,ディンルー,ウーラオス,オーガポン",岩オーガポン,ヒスイヌメルゴン,カイリュー,ハバタクカミ,ディンルー,パオジアン
"カイリュー,ディンルー,岩オーガポン,ヤバソチャ,ウーラオス,ヒスイヌメルゴン","オンバーン,パオジアン,ヒスイダイケンキ,テツノドクガ,ミミッキュ,霊獣ランドロス",岩オーガポン,ウーラオス,ヤバソチャ,パオジアン,霊獣ランドロス,ミミッキュ
"ノココッチ,ハバタクカミ,ヤバソチャ,ウーラオス,バサギリ,炎オーガポン","ハバタクカミ,イーユイ,セグレイブ,ゴリランダー,ガチグマ,ウォッシュロトム",ノココッチ,ヤバソチャ,ハバタクカミ,イーユイ,ガチグマ,ハバタクカミ
"ノココッチ,ハバタクカミ,ヤバソチャ,ウーラオス,バサギリ,炎オーガポン","パオジアン,ルガルガンたそがれ,カバルドン,ヘイラッシャ,ペリッパー,イーユイ",バサギリ,ハバタクカミ,ウーラオス,パオジアン,ヘイラッシャ,カバルドン
"ノココッチ,ハバタクカミ,ヤバソチャ,ウーラオス,バサギリ,炎オーガポン","ハバタクカミ,イーユイ,セグレイブ,ゴリランダー,ガチグマ,ウォッシュロトム",ノココッチ,ヤバソチャ,ハバタクカミ,イーユイ,ガチグマ,ハバタクカミ
"ノココッチ,ハバタクカミ,ヤバソチャ,ウーラオス,バサギリ,炎オーガポン","パオジアン,ルガルガンたそがれ,カバルドン,ヘイラッシャ,ペリッパー,イーユイ",バサギリ,ハバタクカミ,ウーラオス,パオジアン,ヘイラッシャ,カバルドン
"ノココッチ,ハバタクカミ,ヤバソチャ,ウーラオス,バサギリ,炎オーガポン","バサギリ,イイネイヌ,サーフゴー,テツノツツミ,ウーラオス,オーガポン",バサギリ,ヤバソチャ,ハバタクカミ,サーフゴー,テツノツツミ,ウーラオス
"ノココッチ,ハバタクカミ,ヤバソチャ,ウーラオス,バサギリ,炎オーガポン","コノヨザル,ドドゲザン,ハバタクカミ,炎オーガポン,ヒードラン,オーロンゲ",ノココッチ,ヤバソチャ,ハバタクカミ,オーロンゲ,炎オーガポン,ハバタクカミ
"ノココッチ,ハバタクカミ,ヤバソチャ,ウーラオス,バサギリ,炎オーガポン","ハバタクカミ,イーユイ,セグレイブ,ゴリランダー,ガチグマ,ウォッシュロトム",ノココッチ,ヤバソチャ,ハバタクカミ,イーユイ,ガチグマ,ハバタクカミ
"ノココッチ,ハバタクカミ,ヤバソチャ,ウーラオス,バサギリ,炎オーガポン","パオジアン,ルガルガンたそがれ,カバルドン,ヘイラッシャ,ペリッパー,イーユイ",バサギリ,ハバタクカミ,ウーラオス,パオジアン,ヘイラッシャ,カバルドン
"ノココッチ,ハバタクカミ,ヤバソチャ,ウーラオス,バサギリ,炎オーガポン","バサギリ,イイネイヌ,サーフゴー,テツノツツミ,ウーラオス,オーガポン",バサギリ,ヤバソチャ,ハバタクカミ,サーフゴー,テツノツツミ,ウーラオス
"ノココッチ,ハバタクカミ,ヤバソチャ,ウーラオス,バサギリ,炎オーガポン","コノヨザル,ドドゲザン,ハバタクカミ,炎オーガポン,ヒードラン,オーロンゲ",ノココッチ,ヤバソチャ,ハバタクカミ,オーロンゲ,炎オーガポン,ハバタクカミ
"ノココッチ,ハバタクカミ,ヤバソチャ,ウーラオス,バサギリ,炎オーガポン","パオジアン,ジバコイル,ハバタクカミ,サーフゴー,ウーラオス,カイリュー",バサギリ,ハバタクカミ,炎オーガポン,ウーラオス,カイリュー,パオジアン
"ノココッチ,ハバタクカミ,ヤバソチャ,ウーラオス,バサギリ,炎オーガポン","炎オーガポン,ハバタクカミ,ウーラオス,サーフゴー,カイリュー,ディンルー",バサギリ,ヤバソチャ,ハバタクカミ,ウーラオス,Unseen,Unseen
"ノココッチ,ハバタクカミ,ヤバソチャ,ウーラオス,バサギリ,炎オーガポン","テツノツツミ,ディンルー,ハッサム,イーユイ,ハバタクカミ,カイリュー",ノココッチ,炎オーガポン,ハバタクカミ,ディンルー,ハバタクカミ,イーユイ
"ノココッチ,ハバタクカミ,ヤバソチャ,ウーラオス,バサギリ,炎オーガポン","ガブリアス,パオジアン,ハッサム,サーフゴー,ハバタクカミ,オーガポン",バサギリ,ハバタクカミ,炎オーガポン,ガブリアス,ハバタクカミ,オーガポン
"ノココッチ,ハバタクカミ,ヤバソチャ,ウーラオス,バサギリ,炎オーガポン","カイリュー,ウーラオス,ヤバソチャ,サーフゴー,ヒスイヌメルゴン,ガチグマ",ノココッチ,ヤバソチャ,ハバタクカミ,ウーラオス,カイリュー,サーフゴー
"ノココッチ,ハバタクカミ,ヤバソチャ,ウーラオス,バサギリ,炎オーガポン","炎オーガポン,ハバタクカミ,ウーラオス,霊獣ランドロス,カイリュー,ジバコイル",ノココッチ,ヤバソチャ,ハバタクカミ,霊獣ランドロス,ジバコイル,カイリュー
"炎オーガポン,ハバタクカミ,ハッサム,ヤバソチャ,バサギリ,ノココッチ","ヒードラン,霊獣ボルトロス,霊獣ランドロス,ウーラオス,コノヨザル,トドロクツキ",バサギリ,ヤバソチャ,ハバタクカミ,ウーラオス,ヒードラン,トドロクツキ
"炎オーガポン,ハバタクカミ,ハッサム,ヤバソチャ,バサギリ,ノココッチ","ハバタクカミ,イーユイ,テツノツツミ,セグレイブ,イダイトウ・オス,ディンルー",ノココッチ,ハッサム,ハバタクカミ,ディンルー,イーユイ,Unseen
"炎オーガポン,ハバタクカミ,ハッサム,ヤバソチャ,バサギリ,ノココッチ","ヌオー,サーフゴー,ヤドキング,パオジアン,セグレイブ,ハバタクカミ",バサギリ,ハッサム,炎オーガポン,ヌオー,サーフゴー,ヤドキング
"炎オーガポン,ハバタクカミ,ハッサム,ヤバソチャ,バサギリ,ノココッチ","ゴリランダー,ドクロッグ,炎オーガポン,クレベース,アグノム,ハバタクカミ",バサギリ,ハッサム,ハバタクカミ,ゴリランダー,炎オーガポン,アグノム
"炎オーガポン,ハバタクカミ,ハッサム,ヒスイドレディア,バサギリ,ノココッチ","ガブリアス,テツノツツミ,イーユイ,ハッサム,ヘイラッシャ,テツノブジン",バサギリ,ヒスイドレディア,炎オーガポン,テツノブジン,テツノツツミ,イーユイ
"炎オーガポン,ハバタクカミ,ハッサム,ヤバソチャ,バサギリ,ノココッチ","ヒスイヌメルゴン,トリトドン,サンダー,ウーラオス,霊獣ランドロス,ハバタクカミ",バサギリ,ヤバソチャ,炎オーガポン,ウーラオス,ヒスイヌメルゴン,オーガポン
"ハッサム,ヤバソチャ,バサギリ,ハバタクカミ,炎オーガポン,ウーラオス","ハッサム,テツノツツミ,カイリュー,ドヒドイデ,キノガッサ,ミミッキュ",バサギリ,炎オーガポン,ハバタクカミ,カイリュー,ドヒドイデ,Unseen
"ハッサム,ヤバソチャ,バサギリ,ハバタクカミ,炎オーガポン,ウーラオス","ドドゲザン,ハバタクカミ,クエスパトラ,ガブリアス,ヒスイウインディ,キノガッサ",ウーラオス,炎オーガポン,ハバタクカミ,ハバタクカミ,キノガッサ,クエスパトラ
"ハッサム,ヤバソチャ,バサギリ,ハバタクカミ,炎オーガポン,ウーラオス","パルシェン,カイリュー,ハバタクカミ,キノガッサ,テツノツツミ,コノヨザル",バサギリ,炎オーガポン,ハッサム,カイリュー,コノヨザル,パルシェン
"ハッサム,ヤバソチャ,バサギリ,ハバタクカミ,炎オーガポン,ウーラオス","ディンルー,カイリュー,ミミッキュ,炎オーガポン,イーユイ,サーフゴー",バサギリ,ウーラオス,ヤバソチャ,ディンルー,炎オーガポン,ミミッキュ
"ハッサム,ヤバソチャ,バサギリ,ハバタクカミ,炎オーガポン,ウーラオス","キノガッサ,サーフゴー,霊獣ランドロス,カイリュー,イーユイ,オーガポン",バサギリ,ウーラオス,炎オーガポン,霊獣ランドロス,イーユイ,オーガポン
"ハッサム,ヤバソチャ,バサギリ,ハバタクカミ,炎オーガポン,ウーラオス","アラブルタケ,テツノドクガ,ハッサム,炎オーガポン,カイリュー,レジドラゴ",バサギリ,ヤバソチャ,ハバタクカミ,テツノドクガ,ハッサム,Unseen
"ハッサム,ヤバソチャ,バサギリ,ハバタクカミ,炎オーガポン,ウーラオス","リザードン,トドロクツキ,ハバタクカミ,炎オーガポン,コータス,ガチグマ",バサギリ,ヤバソチャ,ハバタクカミ,コータス,ハバタクカミ,トドロクツキ
"ハッサム,ヤバソチャ,バサギリ,ハバタクカミ,炎オーガポン,ウーラオス","ボーマンダ,炎オーガポン,イーユイ,ドラミドロ,エルレイド,サケブシッポ",バサギリ,ウーラオス,ハバタクカミ,ボーマンダ,ドラミドロ,サケブシッポ
"ハッサム,ヤバソチャ,バサギリ,ハバタクカミ,炎オーガポン,ウーラオス","クエスパトラ,ヒスイヌメルゴン,霊獣ランドロス,イダイトウ・オス,ハバタクカミ,パオジアン",バサギリ,ウーラオス,ハバタクカミ,クエスパトラ,イダイトウ・オス,ハバタクカミ
"ハッサム,ヤバソチャ,バサギリ,ハバタクカミ,炎オーガポン,ウーラオス","ハバタクカミ,ディンルー,ガチグマ,カイリュー,パオジアン,ウーラオス",バサギリ,ヤバソチャ,ウーラオス,ガチグマ,ハバタクカミ,ウーラオス
"ハッサム,ヤバソチャ,バサギリ,ハバタクカミ,炎オーガポン,ウーラオス","パオジアン,ガチグマ,炎オーガポン,ハバタクカミ,カイリュー,キラフロル",バサギリ,ヤバソチャ,ウーラオス,カイリュー,炎オーガポン,ハバタクカミ
"ハッサム,ヤバソチャ,バサギリ,ハバタクカミ,炎オーガポン,ウーラオス","霊獣ランドロス,ヒードラン,カイリュー,コノヨザル,炎オーガポン,ニンフィア",バサギリ,ヤバソチャ,ハバタクカミ,霊獣ランドロス,ヒードラン,炎オーガポン
"アーマーガア,ウーラオス,ママンボウ,炎オーガポン,化身ランドロス,クワガノン","ヒスイゾロアーク,ガチグマ赫月,アローラキュウコン,霊獣ランドロス,アーマーガア,トドロクツキ",ウーラオス,アーマーガア,炎オーガポン,トドロクツキ,ヒスイゾロアーク,Unseen
"アーマーガア,ウーラオス,ママンボウ,炎オーガポン,キラフロル,クワガノン","サーフゴー,ウーラオス,アローラキュウコン,ハバタクカミ,セグレイブ,クエスパトラ",キラフロル,ウーラオス,ママンボウ,ハバタクカミ,アローラキュウコン,クエスパトラ
"アーマーガア,ウーラオス,ママンボウ,炎オーガポン,キラフロル,クワガノン","カイリュー,ハバタクカミ,ウーラオス,炎オーガポン,ピクシー,ガチグマ赫月",キラフロル,アーマーガア,ウーラオス,炎オーガポン,ガチグマ赫月,カイリュー
"アーマーガア,ウーラオス,ママンボウ,炎オーガポン,キラフロル,クワガノン","サーフゴー,ハバタクカミ,カイリュー,マスカーニャ,イダイナキバ,オーガポン",キラフロル,ウーラオス,炎オーガポン,ハバタクカミ,カイリュー,サーフゴー
"アーマーガア,ウーラオス,ママンボウ,炎オーガポン,化身ランドロス,クワガノン","ヘイラッシャ,ヒードラン,炎オーガポン,ガチグマ赫月,セグレイブ,ハバタクカミ",クワガノン,ウーラオス,アーマーガア,セグレイブ,炎オーガポン,ガチグマ
"アーマーガア,ウーラオス,ママンボウ,炎オーガポン,キラフロル,クワガノン","霊獣ランドロス,イダイトウ・オス,セグレイブ,ハバタクカミ,ヘイラッシャ,ヒスイヌメルゴン",クワガノン,ウーラオス,炎オーガポン,ヒスイヌメルゴン,霊獣ランドロス,Unseen
"アーマーガア,ウーラオス,ママンボウ,炎オーガポン,キラフロル,クワガノン","ハバタクカミ,霊獣ランドロス,エンペルト,ウーラオス,チオンジェン,ガチグマ赫月",キラフロル,アーマーガア,ウーラオス,ウーラオス,霊獣ランドロス,チオンジェン
"アーマーガア,ウーラオス,ミミズズ,炎オーガポン,キラフロル,クワガノン","カイリュー,サーフゴー,ガチグマ赫月,炎オーガポン,ハバタクカミ,イダイトウ・オス",キラフロル,炎オーガポン,アーマーガア,ハバタクカミ,炎オーガポン,カイリュー
"アーマーガア,ウーラオス,ママンボウ,炎オーガポン,キラフロル,クワガノン","ソウブレイズ,ゲッコウガ,ミロカロス,カビゴン,ラランテス,イルカマン",クワガノン,ウーラオス,ママンボウ,イルカマン,カビゴン,ラランテス
"アーマーガア,ウーラオス,ミミズズ,炎オーガポン,キラフロル,クワガノン","ニョロトノ,ニョロボン,グライオン,ハッサム,ヒスイウインディ,カイリュー",クワガノン,炎オーガポン,ウーラオス,カイリュー,ニョロトノ,ニョロボン
"アーマーガア,ウーラオス,ママンボウ,炎オーガポン,キラフロル,クワガノン","ウーラオス,ハバタクカミ,イダイトウ・オス,炎オーガポン,カイリュー,コノヨザル",キラフロル,ウーラオス,ママンボウ,ウーラオス,ハバタクカミ,イダイトウ・オス
"アーマーガア,ウーラオス,ミミズズ,炎オーガポン,キラフロル,クワガノン","霊獣ランドロス,テツノドクガ,ウーラオス,チオンジェン,アーマーガア,ドヒドイデ",ウーラオス,炎オーガポン,クワガノン,霊獣ランドロス,チオンジェン,テツノドクガ
"アーマーガア,ウーラオス,ママンボウ,炎オーガポン,キラフロル,クワガノン","ピクシー,炎オーガポン,ラウドボーン,キョジオーン,グライオン,ウーラオス",クワガノン,炎オーガポン,キラフロル,ラウドボーン,キョジオーン,炎オーガポン
"アーマーガア,ウーラオス,ママンボウ,炎オーガポン,キラフロル,クワガノン","パオジアン,ハバタクカミ,イダイトウ・オス,ガチグマ赫月,ディンルー,ミミッキュ",クワガノン,アーマーガア,ウーラオス,ガチグマ赫月,ミミッキュ,イダイトウ・オス
"アーマーガア,ウーラオス,ママンボウ,炎オーガポン,キラフロル,クワガノン","ハバタクカミ,アローラキュウコン,炎オーガポン,ヒードラン,セグレイブ,カイリュー",キラフロル,炎オーガポン,ウーラオス,ハバタクカミ,炎オーガポン,カイリュー
"アーマーガア,ウーラオス,ママンボウ,炎オーガポン,キラフロル,クワガノン","ブラッキー,サーフゴー,ウルガモス,霊獣ランドロス,ジバコイル,オーガポン",キラフロル,炎オーガポン,ウーラオス,霊獣ランドロス,ジバコイル,ウルガモス
"アーマーガア,ウーラオス,ママンボウ,炎オーガポン,キラフロル,クワガノン","ヤバソチャ,カイリュー,炎オーガポン,ハバタクカミ,イイネイヌ,パオジアン",キラフロル,クワガノン,炎オーガポン,パオジアン,炎オーガポン,ハバタクカミ
"アーマーガア,ウーラオス,ママンボウ,炎オーガポン,キラフロル,クワガノン","ガブリアス,カイリュー,サーフゴー,テツノツツミ,ハバタクカミ,ウーラオス",クワガノン,炎オーガポン,ママンボウ,ハバタクカミ,サーフゴー,ウーラオス
"アーマーガア,ウーラオス,ママンボウ,炎オーガポン,キラフロル,クワガノン","エンニュート,グライオン,ドラパルト,イーユイ,炎オーガポン,イダイトウ・オス",クワガノン,ウーラオス,炎オーガポン,イダイトウ・オス,イーユイ,キチキギス
"アーマーガア,ウーラオス,ママンボウ,炎オーガポン,キラフロル,クワガノン","エンペルト,霊獣ランドロス,ジャラランガ,アローラキュウコン,ハバタクカミ,カイリュー",キラフロル,ウーラオス,アーマーガア,エンペルト,霊獣ランドロス,ジャラランガ
"アーマーガア,ウーラオス,ママンボウ,炎オーガポン,キラフロル,クワガノン","ガチグマ赫月,ヘイラッシャ,ヒードラン,ハバタクカミ,カイリュー,トドロクツキ",キラフロル,アーマーガア,ウーラオス,ガチグマ赫月,トドロクツキ,Unseen
"アーマーガア,ウーラオス,ママンボウ,炎オーガポン,キラフロル,クワガノン","炎オーガポン,テツノツツミ,ハッサム,ガブリアス,ミミッキュ,クワガノン",キラフロル,ウーラオス,ママンボウ,ミミッキュ,炎オーガポン,ガブリアス
"アーマーガア,ウーラオス,ママンボウ,炎オーガポン,キラフロル,クワガノン","ハバタクカミ,ウーラオス,ガチグマ赫月,エースバーン,炎オーガポン,テツノツツミ",ウーラオス,アーマーガア,炎オーガポン,テツノツツミ,ハバタクカミ,ガチグマ赫月
"アーマーガア,ウーラオス,ママンボウ,炎オーガポン,キラフロル,クワガノン","アローラキュウコン,ハバタクカミ,ガチグマ赫月,ウーラオス,パオジアン,ディンルー",炎オーガポン,ウーラオス,アーマーガア,アローラキュウコン,ウーラオス,ガチグマ赫月
"アーマーガア,ウーラオス,ママンボウ,炎オーガポン,キラフロル,クワガノン","グライオン,キョジオーン,ジバコイル,パオジアン,ハバタクカミ,ウーラオス",キラフロル,ウーラオス,クワガノン,ウーラオス,ジバコイル,パオジアン
"アーマーガア,ウーラオス,ママンボウ,炎オーガポン,キラフロル,トドロクツキ","パオジアン,カイリュー,イーユイ,ママンボウ,サーフゴー,ピクシー",キラフロル,トドロクツキ,炎オーガポン,サーフゴー,ピクシー,Unseen
"アーマーガア,ウーラオス,ママンボウ,炎オーガポン,キラフロル,トドロクツキ","トドロクツキ,ハバタクカミ,イダイナキバ,ヘイラッシャ,アーマーガア,レジエレキ",キラフロル,トドロクツキ,ママンボウ,ハバタクカミ,アーマーガア,Unseen
"アーマーガア,ウーラオス,ママンボウ,炎オーガポン,キラフロル,トドロクツキ","ハバタクカミ,サーフゴー,炎オーガポン,ヘイラッシャ,ディンルー,カイリュー",キラフロル,トドロクツキ,アーマーガア,ハバタクカミ,カイリュー,ディンルー
"アーマーガア,ウーラオス,ママンボウ,炎オーガポン,キラフロル,トドロクツキ","炎オーガポン,カイリュー,パオジアン,ガチグマ赫月,ラッキー,ハバタクカミ",キラフロル,アーマーガア,炎オーガポン,パオジアン,ガチグマ赫月,ハバタクカミ
"アーマーガア,ウーラオス,ママンボウ,炎オーガポン,キラフロル,トドロクツキ","ガチグマ赫月,ガラルマタドガス,バルジーナ,ヒードラン,ウーラオス,ハバタクカミ",トドロクツキ,アーマーガア,ウーラオス,ガラルマタドガス,バルジーナ,ヒードラン
"アーマーガア,ウーラオス,ママンボウ,炎オーガポン,キラフロル,クワガノン","ガチグマ赫月,パオジアン,ウーラオス,ジバコイル,ハバタクカミ,カイリュー",キラフロル,アーマーガア,ウーラオス,パオジアン,ジバコイル,カイリュー
"アーマーガア,ウーラオス,ママンボウ,炎オーガポン,化身ランドロス,クワガノン","ハバタクカミ,カイリュー,エンペルト,ウーラオス,炎オーガポン,パオジアン",クワガノン,ウーラオス,炎オーガポン,炎オーガポン,ハバタクカミ,パオジアン
"アーマーガア,ウーラオス,ママンボウ,炎オーガポン,化身ランドロス,クワガノン","サーフゴー,ハッサム,ヘイラッシャ,ディンルー,イーユイ,カイリュー",クワガノン,化身ランドロス,ママンボウ,カイリュー,イーユイ,サーフゴー
"ウーラオス,クワガノン,炎オーガポン,キラフロル,アーマーガア,クエスパトラ","ディンルー,ハバタクカミ,ウーラオス,霊獣ランドロス,チオンジェン,オオニューラ",クワガノン,ウーラオス,クエスパトラ,ウーラオス,ディンルー,ハバタクカミ
"ウーラオス,クワガノン,炎オーガポン,キラフロル,アーマーガア,トドロクツキ","カイリュー,コータス,ハバタクカミ,トドロクツキ,ゴリランダー,ウーラオス",キラフロル,トドロクツキ,炎オーガポン,ハバタクカミ,ゴリランダー,トドロクツキ
"ウーラオス,クワガノン,炎オーガポン,キラフロル,アーマーガア,トドロクツキ","イーユイ,ギャラドス,モロバレル,テツノカイナ,クレベース,ガラルマタドガス",キラフロル,炎オーガポン,クワガノン,イーユイ,モロバレル,ガラルマタドガス
"ウーラオス,クワガノン,炎オーガポン,キラフロル,アーマーガア,トドロクツキ","サザンドラ,カイリュー,コノヨザル,ハバタクカミ,テツノブジン,ジバコイル",クワガノン,ウーラオス,トドロクツキ,コノヨザル,カイリュー,ジバコイル
"ウーラオス,クワガノン,炎オーガポン,キラフロル,アーマーガア,トドロクツキ","キョジオーン,カイリュー,ウォッシュロトム,ハバタクカミ,炎オーガポン,ウーラオス",キラフロル,ウーラオス,炎オーガポン,ウーラオス,炎オーガポン,カイリュー
"ウーラオス,クワガノン,炎オーガポン,キラフロル,アーマーガア,トドロクツキ","トドロクツキ,ハバタクカミ,コータス,ガチグマ,アーマーガア,ガブリアス",キラフロル,トドロクツキ,クワガノン,ハバタクカミ,ガチグマ,Unseen
"ウーラオス,クワガノン,炎オーガポン,キラフロル,アーマーガア,トドロクツキ","キョジオーン,カイリュー,ハッサム,グレンアルマ,ハバタクカミ,サーフゴー",クワガノン,トドロクツキ,ウーラオス,ハバタクカミ,キョジオーン,グレンアルマ
"ウーラオス,クワガノン,炎オーガポン,キラフロル,アーマーガア,トドロクツキ","カイリュー,ウーラオス,イーユイ,サーフゴー,ヘイラッシャ,岩オーガポン",キラフロル,トドロクツキ,ウーラオス,サーフゴー,ヘイラッシャ,イーユイ
"ウーラオス,クワガノン,炎オーガポン,キラフロル,アーマーガア,トドロクツキ","サザンドラ,カイリュー,コノヨザル,ハバタクカミ,テツノブジン,ジバコイル",クワガノン,ウーラオス,トドロクツキ,コノヨザル,カイリュー,ジバコイル
"ウーラオス,クワガノン,炎オーガポン,キラフロル,アーマーガア,トドロクツキ","キョジオーン,カイリュー,ウォッシュロトム,ハバタクカミ,炎オーガポン,ウーラオス",キラフロル,ウーラオス,炎オーガポン,ウーラオス,炎オーガポン,カイリュー
"ウーラオス,クワガノン,炎オーガポン,キラフロル,アーマーガア,トドロクツキ","トドロクツキ,ハバタクカミ,コータス,ガチグマ,アーマーガア,ガブリアス",キラフロル,トドロクツキ,クワガノン,ハバタクカミ,ガチグマ,Unseen
"ウーラオス,クワガノン,炎オーガポン,キラフロル,アーマーガア,トドロクツキ","キョジオーン,カイリュー,ハッサム,グレンアルマ,ハバタクカミ,サーフゴー",クワガノン,トドロクツキ,ウーラオス,ハバタクカミ,キョジオーン,グレンアルマ
"ウーラオス,クワガノン,炎オーガポン,キラフロル,アーマーガア,トドロクツキ","カイリュー,ウーラオス,イーユイ,サーフゴー,ヘイラッシャ,岩オーガポン",キラフロル,トドロクツキ,ウーラオス,サーフゴー,ヘイラッシャ,イーユイ
"ウーラオス,クワガノン,炎オーガポン,キラフロル,アーマーガア,テツノドクガ","カバルドン,パオジアン,ハッサム,ガチグマ赫月,カイリュー,ヒードラン",ウーラオス,キラフロル,アーマーガア,カバルドン,カイリュー,ヒードラン
"ウーラオス,クワガノン,炎オーガポン,キラフロル,アーマーガア,テツノドクガ","ウーラオス,ガチグマ赫月,サーフゴー,カイリュー,メレシー,ハバタクカミ",炎オーガポン,テツノドクガ,クワガノン,カイリュー,メレシー,ガチグマ赫月
"ウーラオス,クワガノン,炎オーガポン,キラフロル,アーマーガア,テツノドクガ","ハバタクカミ,イイネイヌ,クエスパトラ,ハラバリー,マシマシラ,ソウブレイズ",キラフロル,炎オーガポン,ウーラオス,クエスパトラ,ハラバリー,ハバタクカミ
"ウーラオス,クワガノン,炎オーガポン,キラフロル,アーマーガア,テツノドクガ","カイリュー,クエスパトラ,ハバタクカミ,炎オーガポン,キラフロル,ガチグマ赫月",キラフロル,アーマーガア,ウーラオス,炎オーガポン,クエスパトラ,Unseen
"ウーラオス,クワガノン,炎オーガポン,キラフロル,アーマーガア,テツノドクガ","コノヨザル,イーユイ,炎オーガポン,キョジオーン,カイリュー,テツノツツミ",キラフロル,炎オーガポン,テツノドクガ,コノヨザル,テツノツツミ,イーユイ
"ウーラオス,クワガノン,炎オーガポン,キラフロル,アーマーガア,テツノドクガ","コノヨザル,カイリュー,ウーラオス,炎オーガポン,ハバタクカミ,ガチグマ赫月",キラフロル,ウーラオス,アーマーガア,ウーラオス,Unseen,Unseen
"ウーラオス,クワガノン,炎オーガポン,キラフロル,アーマーガア,テツノドクガ","ハッサム,カイリュー,サーフゴー,ウーラオス,炎オーガポン,ガチグマ赫月",キラフロル,ウーラオス,アーマーガア,ウーラオス,サーフゴー,炎オーガポン
"ウーラオス,クワガノン,炎オーガポン,キラフロル,アーマーガア,テツノドクガ","パオジアン,ハバタクカミ,カイリュー,サーフゴー,霊獣ランドロス,ウーラオス",ウーラオス,テツノドクガ,アーマーガア,霊獣ランドロス,カイリュー,サーフゴー
"ウーラオス,ママンボウ,炎オーガポン,キラフロル,アーマーガア,テツノドクガ","ディンルー,カイリュー,ハバタクカミ,エーフィ,ハッサム,ヘイラッシャ",炎オーガポン,ママンボウ,テツノドクガ,エーフィ,ディンルー,カイリュー
"ウーラオス,ママンボウ,炎オーガポン,キラフロル,アーマーガア,テツノドクガ","カイリュー,ハバタクカミ,ガチグマ赫月,オオニューラ,サーフゴー,ハッサム",ウーラオス,アーマーガア,テツノドクガ,ハッサム,サーフゴー,ガチグマ赫月
"ウーラオス,ママンボウ,炎オーガポン,キラフロル,アーマーガア,テツノドクガ","パオジアン,ハバタクカミ,キョジオーン,炎オーガポン,ヘイラッシャ,ガチグマ赫月",ウーラオス,アーマーガア,炎オーガポン,キョジオーン,ヘイラッシャ,パオジアン
"ウーラオス,ママンボウ,炎オーガポン,キラフロル,アーマーガア,テツノドクガ","カイリュー,ハバタクカミ,パオジアン,キラフロル,ハッサム,岩オーガポン",ウーラオス,アーマーガア,炎オーガポン,ハバタクカミ,カイリュー,パオジアン
"ウーラオス,ママンボウ,炎オーガポン,キラフロル,アーマーガア,テツノドクガ","霊獣ランドロス,パオジアン,クレセリア,ドヒドイデ,ガチグマ赫月,ヒードラン",キラフロル,ウーラオス,アーマーガア,ヒードラン,クレセリア,ドヒドイデ
"ウーラオス,ママンボウ,炎オーガポン,キラフロル,アーマーガア,テツノドクガ","ディンルー,カイリュー,サーフゴー,炎オーガポン,パオジアン,ハバタクカミ",キラフロル,ママンボウ,テツノドクガ,炎オーガポン,ハバタクカミ,Unseen
"ウーラオス,ママンボウ,炎オーガポン,キラフロル,アーマーガア,テツノドクガ","ソウブレイズ,パオジアン,ママンボウ,オオニューラ,カイリュー,キラフロル",キラフロル,テツノドクガ,炎オーガポン,パオジアン,キラフロル,ミミロル
"ママンボウ,キラフロル,テツノドクガ,アーマーガア,ウーラオス,岩オーガポン","カイリュー,ガチグマ赫月,ハバタクカミ,ウーラオス,アーマーガア,イーユイ",岩オーガポン,アーマーガア,テツノドクガ,ウーラオス,イーユイ,Unseen
"ママンボウ,キラフロル,テツノドクガ,アーマーガア,ウーラオス,岩オーガポン","ガチグマ赫月,カイリュー,バサギリ,ヘイラッシャ,ゴリランダー,ドオー",ウーラオス,アーマーガア,岩オーガポン,ゴリランダー,ガチグマ赫月,Unseen
"ママンボウ,キラフロル,テツノドクガ,アーマーガア,ウーラオス,炎オーガポン","アローラキュウコン,コノヨザル,ハバタクカミ,炎オーガポン,ウーラオス,カイリュー",炎オーガポン,ママンボウ,ウーラオス,コノヨザル,ハバタクカミ,Unseen
"ママンボウ,キラフロル,テツノドクガ,アーマーガア,ウーラオス,岩オーガポン","ミミッキュ,ウーラオス,ガチグマ,パオジアン,炎オーガポン,霊獣ランドロス",ママンボウ,キラフロル,ウーラオス,炎オーガポン,ミミッキュ,ガチグマ
"ママンボウ,キラフロル,テツノドクガ,アーマーガア,ウーラオス,岩オーガポン","カイリュー,ガチグマ赫月,ハバタクカミ,ウーラオス,アーマーガア,イーユイ",岩オーガポン,アーマーガア,テツノドクガ,ウーラオス,イーユイ,Unseen
"ママンボウ,キラフロル,テツノドクガ,アーマーガア,ウーラオス,岩オーガポン","ガチグマ赫月,カイリュー,バサギリ,ヘイラッシャ,ゴリランダー,ドオー",ウーラオス,アーマーガア,岩オーガポン,ゴリランダー,ガチグマ赫月,Unseen
"ママンボウ,キラフロル,テツノドクガ,アーマーガア,ウーラオス,炎オーガポン","アローラキュウコン,コノヨザル,ハバタクカミ,炎オーガポン,ウーラオス,カイリュー",炎オーガポン,ママンボウ,ウーラオス,コノヨザル,ハバタクカミ,Unseen
"ママンボウ,キラフロル,テツノドクガ,アーマーガア,ウーラオス,岩オーガポン","ミミッキュ,ウーラオス,ガチグマ,パオジアン,炎オーガポン,霊獣ランドロス",ママンボウ,キラフロル,ウーラオス,炎オーガポン,ミミッキュ,ガチグマ
"ママンボウ,キラフロル,テツノドクガ,アーマーガア,ウーラオス,炎オーガポン","テツノツツミ,ドヒドイデ,チオンジェン,イーユイ,ハッサム,グライオン",ウーラオス,アーマーガア,テツノドクガ,テツノツツミ,イーユイ,ドヒドイデ
"ママンボウ,キラフロル,テツノドクガ,アーマーガア,ウーラオス,炎オーガポン","ウーラオス,パオジアン,エーフィ,ハバタクカミ,岩オーガポン,ヒスイヌメルゴン",キラフロル,ママンボウ,ウーラオス,岩オーガポン,エーフィ,ヒスイヌメルゴン
"ママンボウ,キラフロル,テツノドクガ,アーマーガア,ウーラオス,炎オーガポン","モルペコ,ヘイラッシャ,ディンルー,ミミッキュ,霊獣ランドロス,ヒードラン",炎オーガポン,ママンボウ,キラフロル,モルペコ,ヒードラン,ヘイラッシャ
"ママンボウ,キラフロル,テツノドクガ,アーマーガア,ウーラオス,炎オーガポン","ハバタクカミ,ハッサム,炎オーガポン,カイリュー,キラフロル,キョジオーン",ウーラオス,ママンボウ,テツノドクガ,ハバタクカミ,カイリュー,キョジオーン
"ママンボウ,キラフロル,テツノドクガ,アーマーガア,ウーラオス,炎オーガポン","パオジアン,ミロカロス,イーユイ,ハッサム,霊獣ランドロス,クレセリア",キラフロル,テツノドクガ,炎オーガポン,ミロカロス,霊獣ランドロス,Unseen
"ママンボウ,キラフロル,テツノドクガ,アーマーガア,ウーラオス,炎オーガポン","ボーマンダ,シャワーズ,イイネイヌ,ヒートロトム,ガブリアス,サーフゴー",ウーラオス,アーマーガア,炎オーガポン,ガブリアス,サーフゴー,イイネイヌ
"ママンボウ,キラフロル,テツノドクガ,アーマーガア,ウーラオス,岩オーガポン","ウーラオス,サーフゴー,ウルガモス,霊獣ランドロス,ハバタクカミ,炎オーガポン",キラフロル,ママンボウ,ウーラオス,ウルガモス,ウーラオス,炎オーガポン
"ママンボウ,キラフロル,テツノドクガ,アーマーガア,ウーラオス,炎オーガポン","カイリュー,ハバタクカミ,イダイトウ・オス,ウーラオス,パオジアン,サーフゴー",炎オーガポン,ママンボウ,キラフロル,ハバタクカミ,パオジアン,イダイトウ・オス
"ママンボウ,キラフロル,テツノドクガ,アーマーガア,ウーラオス,炎オーガポン","テツノツツミ,ドヒドイデ,チオンジェン,イーユイ,ハッサム,グライオン",ウーラオス,アーマーガア,テツノドクガ,テツノツツミ,イーユイ,ドヒドイデ
"ママンボウ,キラフロル,テツノドクガ,アーマーガア,ウーラオス,炎オーガポン","ウーラオス,パオジアン,エーフィ,ハバタクカミ,岩オーガポン,ヒスイヌメルゴン",キラフロル,ママンボウ,ウーラオス,岩オーガポン,エーフィ,ヒスイヌメルゴン
"ママンボウ,キラフロル,テツノドクガ,アーマーガア,ウーラオス,炎オーガポン","モルペコ,ヘイラッシャ,ディンルー,ミミッキュ,霊獣ランドロス,ヒードラン",炎オーガポン,ママンボウ,キラフロル,モルペコ,ヒードラン,ヘイラッシャ
"ママンボウ,キラフロル,テツノドクガ,アーマーガア,ウーラオス,炎オーガポン","ハバタクカミ,ハッサム,炎オーガポン,カイリュー,キラフロル,キョジオーン",ウーラオス,ママンボウ,テツノドクガ,ハバタクカミ,カイリュー,キョジオーン
"ママンボウ,キラフロル,テツノドクガ,アーマーガア,ウーラオス,炎オーガポン","パオジアン,ミロカロス,イーユイ,ハッサム,霊獣ランドロス,クレセリア",キラフロル,テツノドクガ,炎オーガポン,ミロカロス,霊獣ランドロス,Unseen
"ママンボウ,キラフロル,テツノドクガ,アーマーガア,ウーラオス,炎オーガポン","ボーマンダ,シャワーズ,イイネイヌ,ヒートロトム,ガブリアス,サーフゴー",ウーラオス,アーマーガア,炎オーガポン,ガブリアス,サーフゴー,イイネイヌ
"ママンボウ,キラフロル,テツノドクガ,アーマーガア,ウーラオス,岩オーガポン","ウーラオス,サーフゴー,ウルガモス,霊獣ランドロス,ハバタクカミ,炎オーガポン",キラフロル,ママンボウ,ウーラオス,ウルガモス,ウーラオス,炎オーガポン
"ママンボウ,キラフロル,テツノドクガ,アーマーガア,ウーラオス,炎オーガポン","カイリュー,ハバタクカミ,イダイトウ・オス,ウーラオス,パオジアン,サーフゴー",炎オーガポン,ママンボウ,キラフロル,ハバタクカミ,パオジアン,イダイトウ・オス
"アーマーガア,エルレイド,ウーラオス,ママンボウ,ガチグマ赫月,岩オーガポン","ゲッコウガ,カイリュー,デカヌチャン,ガブリアス,サーフゴー,ヒートロトム",岩オーガポン,ガチグマ赫月,ウーラオス,ガブリアス,カイリュー,サーフゴー
"アーマーガア,エルレイド,ウーラオス,ママンボウ,ガチグマ赫月,岩オーガポン","パーモット,ボーマンダ,ゲンガー,ウェーニバル,ウインディ,デカヌチャン",ウーラオス,岩オーガポン,ガチグマ赫月,ゲンガー,ボーマンダ,ウェーニバル
"ガチグマ赫月,ギャラドス,イイネイヌ,クエスパトラ,岩オーガポン,カバルドン","炎オーガポン,カイリュー,ガチグマ赫月,オオニューラ,サケブシッポ,サマヨール",ギャラドス,クエスパトラ,カバルドン,サケブシッポ,ガチグマ赫月,炎オーガポン
"ガチグマ赫月,ギャラドス,イイネイヌ,クエスパトラ,炎オーガポン,カバルドン","サーフゴー,ドラパルト,コノヨザル,ウーラオス,マリルリ,ガチグマ赫月",イイネイヌ,クエスパトラ,ガチグマ赫月,コノヨザル,ドラパルト,マリルリ
"ガチグマ赫月,ギャラドス,イイネイヌ,クエスパトラ,岩オーガポン,カバルドン","カイリュー,ハバタクカミ,イーユイ,ウーラオス,サケブシッポ,サーフゴー",イイネイヌ,岩オーガポン,ガチグマ赫月,ハバタクカミ,サーフゴー,カイリュー
"ガチグマ赫月,ギャラドス,イイネイヌ,クエスパトラ,岩オーガポン,カバルドン","炎オーガポン,トドロクツキ,ヒスイウォーグル,カイリュー,ガチグマ赫月,化身ランドロス",ギャラドス,クエスパトラ,岩オーガポン,オオニューラ,ガチグマ赫月,トドロクツキ
"ガチグマ赫月,ギャラドス,イイネイヌ,クエスパトラ,岩オーガポン,カバルドン","カイリュー,サーフゴー,ディンルー,アローラキュウコン,ハバタクカミ,ハッサム",岩オーガポン,イイネイヌ,ガチグマ赫月,アローラキュウコン,カイリュー,ハバタクカミ
"ガチグマ赫月,ギャラドス,イイネイヌ,クエスパトラ,炎オーガポン,エルレイド","カイリュー,クエスパトラ,オーロンゲ,ハッサム,キノガッサ,ザングース",炎オーガポン,ギャラドス,ガチグマ赫月,クエスパトラ,カイリュー,ザングース
"ガチグマ赫月,ギャラドス,イイネイヌ,クエスパトラ,ディンルー,エルレイド","ハバタクカミ,ウーラオス,サーフゴー,カイリュー,ディンルー,パオジアン",エルレイド,ギャラドス,クエスパトラ,ウーラオス,ハバタクカミ,パオジアン
"ガチグマ赫月,ギャラドス,イイネイヌ,クエスパトラ,炎オーガポン,エルレイド","ウーラオス,ガチグマ赫月,ブリムオン,カイリュー,パオジアン,キョジオーン",エルレイド,イイネイヌ,ガチグマ赫月,ガチグマ赫月,ブリムオン,カイリュー
"ガチグマ赫月,ギャラドス,イイネイヌ,クエスパトラ,炎オーガポン,エルレイド","ガラルサンダー,ディンルー,サーフゴー,ウーラオス,ラウドボーン,アーマーガア",エルレイド,ガチグマ赫月,ギャラドス,ガラルサンダー,アーマーガア,ラウドボーン
"ガチグマ赫月,ギャラドス,カバルドン,クエスパトラ,炎オーガポン,エルレイド","ジバコイル,カイリュー,パオジアン,ハバタクカミ,炎オーガポン,ドオー",エルレイド,炎オーガポン,ギャラドス,ジバコイル,ハバタクカミ,炎オーガポン
"ガチグマ赫月,ギャラドス,カバルドン,クエスパトラ,岩オーガポン,エルレイド","テツノブジン,セグレイブ,ウッウ,カビゴン,ガチグマ赫月,ラウドボーン",カバルドン,ギャラドス,クエスパトラ,ウッウ,ラウドボーン,Unseen
"ガチグマ赫月,ギャラドス,カバルドン,クエスパトラ,炎オーガポン,エルレイド","ミロカロス,ハバタクカミ,ディンルー,サーフゴー,ウーラオス,オノノクス",炎オーガポン,ギャラドス,ガチグマ赫月,オノノクス,ハバタクカミ,ウーラオス
"ガチグマ赫月,ギャラドス,カバルドン,クエスパトラ,炎オーガポン,エルレイド","マリルリ,ハッサム,ウーラオス,クレセリア,ガチグマ赫月,炎オーガポン",エルレイド,クエスパトラ,炎オーガポン,炎オーガポン,ハッサム,マリルリ
"ガチグマ赫月,ギャラドス,カバルドン,クエスパトラ,炎オーガポン,エルレイド","サーフゴー,カイリュー,炎オーガポン,ウォッシュロトム,ハバタクカミ,霊獣ランドロス",炎オーガポン,ガチグマ赫月,クエスパトラ,霊獣ランドロス,カイリュー,サーフゴー
"ガチグマ赫月,ギャラドス,カバルドン,クエスパトラ,岩オーガポン,エルレイド","ウォッシュロトム,霊獣ボルトロス,テツノカイナ,ヒスイマルマイン,テツノイバラ,スナノケガワ",岩オーガポン,クエスパトラ,ガチグマ赫月,霊獣ボルトロス,テツノカイナ,マルマリン
"ガチグマ赫月,ギャラドス,トドロクツキ,クエスパトラ,岩オーガポン,エルレイド","ディンルー,炎オーガポン,カイリュー,イーユイ,ハバタクカミ,クエスパトラ",エルレイド,トドロクツキ,ギャラドス,ディンルー,カイリュー,炎オーガポン
"ガチグマ赫月,ギャラドス,トドロクツキ,クエスパトラ,岩オーガポン,エルレイド","ハバタクカミ,カイリュー,ダーテング,セグレイブ,ウォッシュロトム,デカヌチャン",エルレイド,ガチグマ赫月,トドロクツキ,デカヌチャン,セグレイブ,ウォッシュロトム
"ガチグマ赫月,ギャラドス,トドロクツキ,クエスパトラ,岩オーガポン,エルレイド","ストリンダー,カイリュー,ガチグマ赫月,ハバタクカミ,炎オーガポン,マスカーニャ",エルレイド,ガチグマ赫月,ギャラドス,カイリュー,マスカーニャ,ハバタクカミ
"ガチグマ赫月,ギャラドス,トドロクツキ,クエスパトラ,岩オーガポン,エルレイド","炎オーガポン,ハバタクカミ,ガチグマ赫月,アーマーガア,ウーラオス,霊獣ランドロス",エルレイド,ギャラドス,トドロクツキ,ウーラオス,アーマーガア,霊獣ランドロス
"ガチグマ赫月,ギャラドス,トドロクツキ,クエスパトラ,岩オーガポン,エルレイド","ガチグマ赫月,ブリムオン,キラフロル,カイリュー,イーユイ,オーガポン",クエスパトラ,エルレイド,トドロクツキ,ガチグマ赫月,ブリムオン,キラフロル
"ガチグマ赫月,ギャラドス,トドロクツキ,クエスパトラ,岩オーガポン,エルレイド","ディンルー,ヒートロトム,ニンフィア,トドロクツキ,ハッサム,サーフゴー",岩オーガポン,トドロクツキ,ガチグマ赫月,ディンルー,サーフゴー,トドロクツキ
"ガチグマ赫月,ギャラドス,クエスパトラ,ディンルー,トドロクツキ,イーユイ","カイリュー,サーフゴー,ガチグマ赫月,ウォッシュロトム,パオジアン,ハバタクカミ",ディンルー,イーユイ,トドロクツキ,ウォッシュロトム,パオジアン,ガチグマ赫月
"ガチグマ赫月,ギャラドス,クエスパトラ,岩オーガポン,トドロクツキ,イーユイ","エンペルト,ハッサム,サザンドラ,ローブシン,ラウドボーン,ボーマンダ",ガチグマ赫月,イーユイ,クエスパトラ,エンペルト,ボーマンダ,ローブシン
"ガチグマ赫月,ギャラドス,クエスパトラ,岩オーガポン,トドロクツキ,イーユイ","ハバタクカミ,カイリュー,パオジアン,ヒードラン,コノヨザル,グライオン",岩オーガポン,ガチグマ赫月,イーユイ,ハバタクカミ,パオジアン,グライオン
"ガチグマ赫月,ギャラドス,クエスパトラ,炎オーガポン,トドロクツキ,イーユイ","炎オーガポン,パオジアン,ハバタクカミ,ガチグマ赫月,カイリュー,キラフロル",ガチグマ赫月,イーユイ,炎オーガポン,パオジアン,キラフロル,カイリュー
"ガチグマ赫月,ギャラドス,クエスパトラ,岩オーガポン,トドロクツキ,イーユイ","ディンルー,カイリュー,サーフゴー,カビゴン,炎オーガポン,テツノブジン",岩オーガポン,ギャラドス,ガチグマ赫月,炎オーガポン,カビゴン,テツノブジン
"ガチグマ赫月,ギャラドス,クエスパトラ,岩オーガポン,トドロクツキ,イーユイ","アローラキュウコン,グライオン,サーフゴー,セグレイブ,炎オーガポン,ヒスイダイケンキ",岩オーガポン,ギャラドス,イーユイ,グライオン,ヒスイダイケンキ,アローラキュウコン
"ガチグマ赫月,ギャラドス,クエスパトラ,岩オーガポン,トドロクツキ,イーユイ","アローラベトベトン,ガラルヤドキング,キラフロル,マタドガス,ゲンガー,ドヒドイデ",岩オーガポン,クエスパトラ,ガチグマ赫月,アローラベトベトン,ゲンガー,キラフロル
"ガチグマ赫月,ギャラドス,クエスパトラ,岩オーガポン,トドロクツキ,イーユイ","ハバタクカミ,トドロクツキ,サーフゴー,キラフロル,パオジアン,カイリュー",岩オーガポン,イーユイ,ガチグマ赫月,ハバタクカミ,サーフゴー,パオジアン
"ガチグマ赫月,ギャラドス,カバルドン,クエスパトラ,炎オーガポン,エルレイド","サーフゴー,イーユイ,ウーラオス,霊獣ランドロス,バルジーナ,キラフロル",カバルドン,ギャラドス,ガチグマ赫月,ウーラオス,霊獣ランドロス,サーフゴー
"ガチグマ赫月,ギャラドス,クエスパトラ,岩オーガポン,トドロクツキ,イーユイ","ハバタクカミ,カイリュー,ウーラオス,チオンジェン,ドヒドイデ,イーユイ",岩オーガポン,ギャラドス,トドロクツキ,ドヒドイデ,チオンジェン,ハバタクカミ
"ウーラオス,クワガノン,炎オーガポン,キラフロル,アーマーガア,クエスパトラ","キノガッサ,ガチグマ赫月,イダイトウ・オス,パオジアン,カイリュー,サーフゴー",キラフロル,炎オーガポン,アーマーガア,キノガッサ,ガチグマ赫月,サーフゴー
"ガチグマ赫月,ギャラドス,クエスパトラ,岩オーガポン,キノガッサ,イーユイ","キノガッサ,ガチグマ赫月,カイリュー,ミミッキュ,クレセリア,テツノツツミ",キノガッサ,クエスパトラ,岩オーガポン,キノガッサ,テツノツツミ,Unseen
"ガチグマ赫月,ギャラドス,クエスパトラ,ディンルー,キノガッサ,イーユイ","ボーマンダ,ガチグマ赫月,コノヨザル,ジバコイル,マリルリ,テツノドクガ",ディンルー,キノガッサ,イーユイ,テツノドクガ,マリルリ,ジバコイル
"ガチグマ赫月,ギャラドス,クエスパトラ,ディンルー,キノガッサ,イーユイ","コータス,パオジアン,ドレディア,ハバタクカミ,トドロクツキ,アーマーガア",ディンルー,イーユイ,キノガッサ,パオジアン,コータス,ドレディア
"ガチグマ赫月,ギャラドス,クエスパトラ,岩オーガポン,キノガッサ,イーユイ","オオニューラ,ママンボウ,サーフゴー,霊獣ランドロス,イーユイ,コノヨザル",クエスパトラ,キノガッサ,イーユイ,オオニューラ,サーフゴー,ママンボウ
"ガチグマ赫月,ギャラドス,クエスパトラ,炎オーガポン,キノガッサ,イーユイ","カイリュー,エーフィ,ガチグマ赫月,イーユイ,ウーラオス,ガブリアス",炎オーガポン,ギャラドス,イーユイ,エーフィ,ガブリアス,ガチグマ赫月
"ガチグマ赫月,ギャラドス,クエスパトラ,岩オーガポン,キノガッサ,イーユイ","カイリュー,サーフゴー,ハバタクカミ,炎オーガポン,ウーラオス,ガチグマ赫月",岩オーガポン,キノガッサ,イーユイ,ウーラオス,サーフゴー,ガチグマ赫月
"ガチグマ赫月,ギャラドス,クエスパトラ,炎オーガポン,キノガッサ,イーユイ","キラフロル,ハバタクカミ,マリルリ,サーフゴー,パオジアン,エースバーン",炎オーガポン,ガチグマ赫月,イーユイ,キラフロル,ハバタクカミ,エースバーン
"ガチグマ赫月,ギャラドス,クエスパトラ,岩オーガポン,キノガッサ,イーユイ","ガチグマ赫月,アーマーガア,セグレイブ,クエスパトラ,ドラパルト,キノガッサ",岩オーガポン,キノガッサ,イーユイ,ドラパルト,クエスパトラ,Unseen
"ガチグマ赫月,クエスパトラ,炎オーガポン,キノガッサ,ギャラドス,イーユイ","ハバタクカミ,霊獣ランドロス,カイリュー,シャワーズ,ジバコイル,炎オーガポン",炎オーガポン,キノガッサ,イーユイ,霊獣ランドロス,ハバタクカミ,Unseen
"ガチグマ赫月,クエスパトラ,炎オーガポン,キノガッサ,ギャラドス,イーユイ","カイリュー,炎オーガポン,マリルリ,ガチグマ赫月,イーユイ,キョジオーン",炎オーガポン,キノガッサ,ガチグマ赫月,キョジオーン,マリルリ,ガチグマ赫月
"ガチグマ赫月,クエスパトラ,岩オーガポン,キノガッサ,ギャラドス,イーユイ","パオジアン,ドラパルト,アーマーガア,イーユイ,ブリムオン,炎オーガポン",岩オーガポン,イーユイ,ガチグマ赫月,イーユイ,炎オーガポン,アーマーガア
"ガチグマ赫月,クエスパトラ,岩オーガポン,キノガッサ,ギャラドス,イーユイ","ディンルー,トドロクツキ,サーフゴー,チオンジェン,テツノドクガ,ウーラオス",岩オーガポン,ギャラドス,キノガッサ,サーフゴー,トドロクツキ,ディンルー
"ガチグマ赫月,クエスパトラ,炎オーガポン,キノガッサ,ギャラドス,イーユイ","カイリュー,炎オーガポン,霊獣ランドロス,ウーラオス,サーフゴー,ハバタクカミ",炎オーガポン,ギャラドス,イーユイ,霊獣ランドロス,サーフゴー,ウーラオス
"ガチグマ赫月,クエスパトラ,岩オーガポン,キノガッサ,ギャラドス,イーユイ","ガチグマ赫月,ウーラオス,カイリュー,イダイトウ・オス,ハバタクカミ,デカヌチャン",岩オーガポン,キノガッサ,ギャラドス,デカヌチャン,カイリュー,Unseen
"ガチグマ赫月,テツノワダチ,岩オーガポン,キノガッサ,ギャラドス,イーユイ","ドヒドイデ,ヘイラッシャ,ピクシー,クレベース,キノガッサ,ハピナス",岩オーガポン,キノガッサ,ガチグマ赫月,ドヒドイデ,キノガッサ,Unseen
"ガチグマ赫月,テツノワダチ,岩オーガポン,キノガッサ,ギャラドス,イーユイ","ウーラオス,カバルドン,カイリュー,モロバレル,トドロクツキ,ハバタクカミ",テツノワダチ,岩オーガポン,イーユイ,トドロクツキ,ハバタクカミ,Unseen
"ガチグマ赫月,テツノワダチ,ディンルー,キノガッサ,ギャラドス,イーユイ","炎オーガポン,ハバタクカミ,霊獣ランドロス,パオジアン,ヒスイヌメルゴン,カイリュー",テツノワダチ,ディンルー,キノガッサ,パオジアン,ヒスイヌメルゴン,霊獣ランドロス
"ガチグマ赫月,テツノワダチ,岩オーガポン,キノガッサ,ギャラドス,イーユイ","ディンルー,カイリュー,炎オーガポン,イーユイ,サーフゴー,ハッサム",岩オーガポン,イーユイ,ガチグマ赫月,ディンルー,サーフゴー,カイリュー
"ガチグマ赫月,テツノワダチ,岩オーガポン,キノガッサ,クエスパトラ,イーユイ","カイリュー,ガチグマ赫月,ハバタクカミ,キラフロル,炎オーガポン,ウーラオス",イーユイ,テツノワダチ,クエスパトラ,ハバタクカミ,カイリュー,ウーラオス
"ガチグマ赫月,テツノワダチ,岩オーガポン,ギャラドス,クエスパトラ,イーユイ","ヒスイダイケンキ,テツノツツミ,炎オーガポン,ゲンガー,キョジオーン,イッカネズミ",岩オーガポン,ギャラドス,ガチグマ赫月,ヒスイダイケンキ,テツノツツミ,イッカネズミ
"ガチグマ赫月,テツノワダチ,ディンルー,ギャラドス,クエスパトラ,イーユイ","岩オーガポン,サーフゴー,ウーラオス,テツノドクガ,カバルドン,トドロクツキ",ディンルー,ギャラドス,クエスパトラ,サーフゴー,カバルドン,トドロクツキ
"ガチグマ赫月,テツノワダチ,岩オーガポン,ギャラドス,クエスパトラ,イーユイ","オノノクス,コノヨザル,ハッサム,レジエレキ,キョジオーン,ハバタクカミ",クエスパトラ,テツノワダチ,ガチグマ赫月,コノヨザル,ハバタクカミ,キョジオーン
"ガチグマ赫月,テツノワダチ,炎オーガポン,ギャラドス,クエスパトラ,イーユイ","炎オーガポン,カイリュー,ウーラオス,イーユイ,ハバタクカミ,サーフゴー",炎オーガポン,テツノワダチ,ギャラドス,ウーラオス,イーユイ,カイリュー
"ガチグマ赫月,テツノワダチ,岩オーガポン,ギャラドス,クエスパトラ,イーユイ","ガチグマ赫月,岩オーガポン,ハッサム,ウーラオス,カイリュー,ハバタクカミ",ギャラドス,テツノワダチ,ガチグマ赫月,カイリュー,ハッサム,ハバタクカミ
"ガチグマ赫月,テツノワダチ,岩オーガポン,ギャラドス,クエスパトラ,イーユイ","ウーラオス,トドロクツキ,アーマーガア,ハバタクカミ,炎オーガポン,テツノドクガ",岩オーガポン,ギャラドス,テツノワダチ,ウーラオス,炎オーガポン,トドロクツキ
"ガチグマ赫月,テツノワダチ,岩オーガポン,ギャラドス,クエスパトラ,イーユイ","ディンルー,ハバタクカミ,イダイトウ・オス,ウーラオス,サーフゴー,カイリュー",岩オーガポン,ギャラドス,テツノワダチ,カイリュー,ディンルー,イダイトウ・オス
"ガチグマ赫月,テツノワダチ,炎オーガポン,ギャラドス,クエスパトラ,イーユイ","岩オーガポン,カイリュー,サーフゴー,カバルドン,ウーラオス,ハバタクカミ",炎オーガポン,ギャラドス,イーユイ,ハバタクカミ,カバルドン,岩オーガポン
"ガチグマ赫月,テツノワダチ,岩オーガポン,ギャラドス,クエスパトラ,イーユイ","ディンルー,アローラキュウコン,カイリュー,ウルガモス,霊獣ランドロス,ハバタクカミ",岩オーガポン,テツノワダチ,ガチグマ赫月,霊獣ランドロス,ハバタクカミ,ウルガモス
"ガチグマ赫月,テツノワダチ,岩オーガポン,ギャラドス,クエスパトラ,イーユイ","カイリュー,アローラキュウコン,炎オーガポン,サーフゴー,ディンルー,ハバタクカミ",岩オーガポン,テツノワダチ,ギャラドス,ディンルー,カイリュー,サーフゴー
"ガチグマ赫月,テツノワダチ,岩オーガポン,ギャラドス,クエスパトラ,イーユイ","炎オーガポン,イーユイ,サーフゴー,カイリュー,ディンルー,ウーラオス",岩オーガポン,ギャラドス,ガチグマ赫月,イーユイ,サーフゴー,カイリュー
"ガチグマ赫月,テツノワダチ,岩オーガポン,ギャラドス,フォレトス,ウーラオス","カイリュー,サーフゴー,ウーラオス,ガチグマ赫月,炎オーガポン,キョジオーン",岩オーガポン,ギャラドス,ガチグマ赫月,炎オーガポン,ウーラオス,カイリュー
"ガチグマ赫月,テツノワダチ,岩オーガポン,ギャラドス,フォレトス,ウーラオス","炎オーガポン,カイリュー,パオジアン,ハバタクカミ,ガチグマ赫月,キノガッサ",岩オーガポン,テツノワダチ,ギャラドス,ハバタクカミ,カイリュー,パオジアン
"ガチグマ赫月,テツノワダチ,岩オーガポン,ギャラドス,フォレトス,ウーラオス","炎オーガポン,カイリュー,パオジアン,ハバタクカミ,ガチグマ赫月,キノガッサ",岩オーガポン,ギャラドス,ウーラオス,キノガッサ,パオジアン,Unseen
"ガチグマ赫月,テツノワダチ,岩オーガポン,ギャラドス,フォレトス,ウーラオス","炎オーガポン,アローラキュウコン,ハバタクカミ,セグレイブ,サーフゴー,霊獣ランドロス",フォレトス,ウーラオス,テツノワダチ,霊獣ランドロス,サーフゴー,アローラキュウコン
"ガチグマ赫月,テツノワダチ,岩オーガポン,ギャラドス,フォレトス,ウーラオス","ペリッパー,ハッサム,テツノカイナ,ヒスイヌメルゴン,ドンファン,イダイトウ・オス",フォレトス,ギャラドス,ウーラオス,ヒスイヌメルゴン,テツノカイナ,ハッサム
"ガチグマ赫月,テツノワダチ,岩オーガポン,ギャラドス,フォレトス,ウーラオス","パオジアン,ハバタクカミ,カイリュー,ガチグマ赫月,炎オーガポン,ウーラオス",岩オーガポン,テツノワダチ,ギャラドス,ハバタクカミ,カイリュー,パオジアン
"ウォッシュロトム,ウーラオス,ギャラドス,テツノワダチ,ガチグマ赫月,岩オーガポン","テツノドクガ,カイリュー,ミミズズ,ガチグマ赫月,ウーラオス,ドラパルト",岩オーガポン,ギャラドス,ウーラオス,ミミズズ,ドラパルト,ガチグマ赫月
"ウォッシュロトム,ウーラオス,ギャラドス,テツノワダチ,ガチグマ赫月,岩オーガポン","カバルドン,トドロクツキ,カイリュー,テツノドクガ,テツノツツミ,ハッサム",ウォッシュロトム,ギャラドス,ウーラオス,テツノツツミ,カバルドン,トドロクツキ
"ウォッシュロトム,ウーラオス,ギャラドス,テツノワダチ,ガチグマ赫月,岩オーガポン","イッカネズミ,ディンルー,カイリュー,ウーラオス,サーフゴー,ハバタクカミ",ウォッシュロトム,テツノワダチ,ギャラドス,イッカネズミ,カイリュー,ディンルー
"ウォッシュロトム,ウーラオス,ギャラドス,テツノワダチ,ガチグマ赫月,岩オーガポン","ガチグマ赫月,ハバタクカミ,ウーラオス,ヤバソチャ,ヒスイヌメルゴン,炎オーガポン",岩オーガポン,ウーラオス,テツノワダチ,ヤバソチャ,ウーラオス,炎オーガポン
"ウォッシュロトム,ウーラオス,ギャラドス,テツノワダチ,ガチグマ赫月,岩オーガポン","キョジオーン,炎オーガポン,カイリュー,ウーラオス,テツノツツミ,ガチグマ赫月",岩オーガポン,ギャラドス,ガチグマ赫月,テツノツツミ,ガチグマ赫月,炎オーガポン
"グランブル,ギャラドス,テツノワダチ,ウーラオス,アシレーヌ,オーガポン","パオジアン,テツノツツミ,ハバタクカミ,ウーラオス,炎オーガポン,カイリュー",オーガポン,ギャラドス,テツノワダチ,テツノツツミ,炎オーガポン,カイリュー
"グランブル,ギャラドス,テツノワダチ,ウーラオス,アシレーヌ,オーガポン","ディンルー,カイリュー,ハバタクカミ,ポリゴン２,炎オーガポン,スイクン",アシレーヌ,ギャラドス,ウーラオス,炎オーガポン,ポリゴン２,ハバタクカミ
"グランブル,ギャラドス,テツノワダチ,ウーラオス,アシレーヌ,オーガポン","炎オーガポン,イーユイ,ハバタクカミ,霊獣ランドロス,テツノカイナ,モロバレル",ウーラオス,アシレーヌ,グランブル,霊獣ランドロス,モロバレル,イーユイ
"グランブル,ギャラドス,テツノワダチ,ウーラオス,アシレーヌ,オーガポン","ファイアロー,テツノカシラ,ハッサム,ハバタクカミ,カイリュー,サンダー",ウーラオス,ギャラドス,テツノワダチ,サンダー,ファイアロー,ハバタクカミ
"グランブル,ギャラドス,テツノワダチ,ウーラオス,アシレーヌ,オーガポン","キュウコン,ウガツホムラ,フシギバナ,ブリザポス,マリルリ,ローブシン",ウーラオス,ギャラドス,アシレーヌ,ウガツホムラ,フシギバナ,Unseen
"ギャラドス,テツノワダチ,ウーラオス,アシレーヌ,オーガポン,グランブル","コノヨザル,ヒスイジュナイパー,ハバタクカミ,カイリュー,パオジアン,トドロクツキ",ウーラオス,ギャラドス,アシレーヌ,エンテイ,ハバタクカミ,カイリュー
"ギャラドス,テツノワダチ,ウーラオス,アシレーヌ,オーガポン,グランブル","ラランテス,バシャーモ,霊獣ランドロス,オーダイル,バンギラス,セグレイブ",ウーラオス,グランブル,ギャラドス,ラランテス,霊獣ランドロス,バンギラス
"ギャラドス,テツノワダチ,ウーラオス,アシレーヌ,グランブル,オーガポン","ハバタクカミ,ウガツホムラ,ラグラージ,ジャローダ,ブリジュラス,マリルリ",ウーラオス,ギャラドス,テツノワダチ,ブリジュラス,ジャローダ,ウガツホムラ
"ギャラドス,テツノワダチ,ウーラオス,アシレーヌ,ヌメルゴン,オーガポン","マスカーニャ,ガオガエン,トドロクツキ,ポリゴン２,カイリュー,テツノツツミ",ウーラオス,ギャラドス,アシレーヌ,マスカーニャ,ガオガエン,カイリュー
"ギャラドス,テツノワダチ,ウーラオス,アシレーヌ,グランブル,オーガポン","ドドゲザン,ウーラオス,ラティアス,ヒスイヌメルゴン,ガオガエン,ドラパルト",ウーラオス,ギャラドス,アシレーヌ,ドラパルト,ラティアス,Unseen
"ギャラドス,テツノワダチ,ウーラオス,アシレーヌ,ヌメルゴン,オーガポン","テツノツツミ,霊獣ランドロス,イーユイ,レジエレキ,デカヌチャン,テツノイサハ",ウーラオス,アシレーヌ,グランブル,レジエレキ,テツノツツミ,テツノイサハ
"ギャラドス,テツノワダチ,ウーラオス,アシレーヌ,グランブル,オーガポン","スイクン,ラティオス,ハッサム,炎オーガポン,パオジアン,マリルリ",ウーラオス,アシレーヌ,ギャラドス,ハッサム,ポリゴン,ラティオス
"ギャラドス,テツノワダチ,ウーラオス,アシレーヌ,グランブル,岩オーガポン","キョジオーン,ドヒドイデ,カイリュー,炎オーガポン,ウーラオス,ハバタクカミ",ウーラオス,ギャラドス,テツノワダチ,ドヒドイデ,キョジオーン,ハバタクカミ
"ギャラドス,テツノワダチ,ウーラオス,アシレーヌ,グランブル,岩オーガポン","ハバタクカミ,炎オーガポン,ガチグマ赫月,ポリゴン２,ウーラオス,アシレーヌ",岩オーガポン,ギャラドス,テツノワダチ,アシレーヌ,ガチグマ赫月,ウーラオス
"ギャラドス,テツノワダチ,ウーラオス,アシレーヌ,グランブル,岩オーガポン","カバルドン,カイリュー,マリルリ,イーユイ,キノガッサ,サーフゴー",岩オーガポン,ギャラドス,テツノワダチ,マリルリ,サーフゴー,キノガッサ
"ギャラドス,テツノワダチ,ウーラオス,アシレーヌ,オーガポン,グランブル","パオジアン,ガチグマ赫月,炎オーガポン,カイリュー,ハッサム,ハバタクカミ",オーガポン,テツノワダチ,ギャラドス,炎オーガポン,カイリュー,ハバタクカミ
"ギャラドス,テツノワダチ,ウーラオス,アシレーヌ,オーガポン,グランブル","ハリーマン,炎オーガポン,ウーラオス,ウガツホムラ,トドロクツキ,ハバタクカミ",ウーラオス,テツノワダチ,ギャラドス,ウガツホムラ,ハリーマン,炎オーガポン
"ギャラドス,テツノワダチ,ウーラオス,アシレーヌ,グランブル,オーガポン","ポリゴン２,マホイップ,オーロンゲ,ジュラルドン,イイネイヌ,オーガポン",オーガポン,アシレーヌ,ギャラドス,ジュラルドン,イイネイヌ,オーガポン
"ギャラドス,テツノワダチ,ウーラオス,アシレーヌ,グランブル,オーガポン","ラグラージ,カイリュー,サーフゴー,ハバタクカミ,炎オーガポン,ウーラオス",オーガポン,テツノワダチ,ギャラドス,炎オーガポン,ラグラージ,カイリュー
"ギャラドス,テツノワダチ,ウーラオス,アシレーヌ,グランブル,岩オーガポン","ウガツホムラ,テツノカシラ,ブリムオン,ラランテス,アシレーヌ,バサギリ",ウーラオス,テツノワダチ,グランブル,ラランテス,アシレーヌ,ウガツホムラ
"ギャラドス,テツノワダチ,ウーラオス,アシレーヌ,グランブル,岩オーガポン","サーフゴー,ハッサム,ウーラオス,テツノツツミ,サンダー,ガブリアス",岩オーガポン,アシレーヌ,ギャラドス,サンダー,ハッサム,テツノツツミ
"ギャラドス,テツノワダチ,ウーラオス,アシレーヌ,ヌメルゴン,オーガポン","ヘイラッシャ,霊獣ランドロス,パオジアン,ディンルー,ドドゲザン,ウーラオス",アシレーヌ,ギャラドス,ウーラオス,パオジアン,霊獣ランドロス,ディンルー
"ギャラドス,テツノワダチ,ウーラオス,アシレーヌ,グランブル,岩オーガポン","ハバタクカミ,ウーラオス,炎オーガポン,パオジアン,カイリュー,サーフゴー",ウーラオス,ギャラドス,テツノワダチ,サーフゴー,ウーラオス,パオジアン
"ギャラドス,テツノワダチ,ウーラオス,アシレーヌ,グランブル,岩オーガポン","カイリュー,サーフゴー,ガチグマ赫月,炎オーガポン,ガオガエン,マリルリ",ウーラオス,ギャラドス,アシレーヌ,ガオガエン,カイリュー,炎オーガポン
"ギャラドス,テツノワダチ,ウーラオス,アシレーヌ,グランブル,岩オーガポン","ウーラオス,霊獣ランドロス,ヒスイゾロアーク,ハバタクカミ,カミツオロチ,ドヒドイデ",ウーラオス,テツノワダチ,ギャラドス,カミツオロチ,ドヒドイデ,霊獣ランドロス
"ギャラドス,テツノワダチ,ウーラオス,アシレーヌ,グランブル,岩オーガポン","ラティオス,ハッサム,アシレーヌ,ウーラオス,霊獣ランドロス,炎オーガポン",岩オーガポン,テツノワダチ,ギャラドス,ラティオス,霊獣ランドロス,ハッサム
"ギャラドス,テツノワダチ,ウーラオス,アシレーヌ,ハピナス,岩オーガポン","キラフロル,ウーラオス,カイリュー,スイクン,ハバタクカミ,ディンルー",アシレーヌ,ギャラドス,ウーラオス,キラフロル,ウーラオス,Unseen
"ギャラドス,テツノワダチ,ウーラオス,アシレーヌ,ハピナス,岩オーガポン","パオジアン,ウーラオス,カイリュー,ハバタクカミ,ガチグマ赫月,ラティオス",ウーラオス,ギャラドス,テツノワダチ,パオジアン,ウーラオス,Unseen
"ギャラドス,テツノワダチ,ウーラオス,アシレーヌ,ハピナス,岩オーガポン","ウーラオス,ハッサム,ヒードラン,サイドン,ラティオス,アシレーヌ",ウーラオス,ギャラドス,アシレーヌ,サイドン,ヒードラン,アシレーヌ
"ギャラドス,テツノワダチ,ウーラオス,アシレーヌ,ハピナス,岩オーガポン","炎オーガポン,ガチグマ赫月,カイリュー,ママンボウ,ハバタクカミ,ウーラオス",ウーラオス,ギャラドス,アシレーヌ,ガチグマ赫月,ママンボウ,炎オーガポン
"ギャラドス,テツノワダチ,ウーラオス,アシレーヌ,ハピナス,岩オーガポン","ウーラオス,ハバタクカミ,カイリュー,ガオガエン,サーフゴー,ガチグマ赫月",ウーラオス,ギャラドス,テツノワダチ,ウーラオス,ハバタクカミ,カイリュー