0,1,2,3,4,5
ウルガモス,カイリュー,ガブリアス,コノヨザル,サーフゴー,ドドゲザン
ウェーニバル,カイリュー,キラフロル,サザンドラ,デカヌチャン,ラウドボーン
ガブリアス,セグレイブ,ドドゲザン,ミミッキュ,ラウドボーン,ロトム
イルカマン,カイリュー,ガブリアス,サーフゴー,デカヌチャン,ペリッパー
カイリュー,ガブリアス,コノヨザル,サザンドラ,サーフゴー,マスカーニャ
アーマーガア,キョジオーン,セグレイブ,ドオー,ドラパルト,マスカーニャ
カイリュー,ガブリアス,サーフゴー,ドドゲザン,マスカーニャ,ロトム
ウルガモス,ガブリアス,キョジオーン,セグレイブ,ドドゲザン,ロトム
カイリュー,ガブリアス,コノヨザル,サザンドラ,サーフゴー,ドドゲザン
アーマーガア,ウルガモス,カイリュー,ガブリアス,セグレイブ,ミミッキュ
イルカマン,カイリュー,カバルドン,サザンドラ,サーフゴー,ミミッキュ
カイリュー,サーフゴー,セグレイブ,ヘイラッシャ,マスカーニャ,ラウドボーン
カイリュー,ゲンガー,コノヨザル,サーフゴー,ドラパルト,ヘイラッシャ
ウルガモス,カイリュー,サーフゴー,セグレイブ,ヘイラッシャ,ミミッキュ
カイリュー,ガブリアス,キノガッサ,サーフゴー,ドドゲザン,ラウドボーン
ガブリアス,グレンアルマ,コノヨザル,サザンドラ,サーナイト,ドドゲザン
カイリュー,キョジオーン,サーフゴー,セグレイブ,ドドゲザン,メタモン
カイリュー,ガブリアス,キョジオーン,サーフゴー,ドラパルト,ミミッキュ
カイリュー,カバルドン,ドドゲザン,ドラパルト,パーモット,ミミッキュ
ウルガモス,カイリュー,ガブリアス,コノヨザル,サーフゴー,ラウドボーン
ウルガモス,デカヌチャン,ドラパルト,ブラッキー,ラウドボーン,ロトム
アーマーガア,サーフゴー,ドヒドイデ,ドラパルト,ハピナス,ヘイラッシャ
カバルドン,セグレイブ,ドドゲザン,ドラパルト,ニンフィア,ロトム
カイリュー,ゲンガー,サザンドラ,セグレイブ,バンバドロ,ミミッキュ
カイリュー,カバルドン,ケンタロス,サザンドラ,サーフゴー,デカヌチャン
カイリュー,ジバコイル,トリトドン,ドラパルト,ヘイラッシャ,ミミッキュ
カイリュー,ガブリアス,ゲンガー,サザンドラ,サーフゴー,ドドゲザン
ウルガモス,カバルドン,ガブリアス,サザンドラ,ジバコイル,マリルリ
カイリュー,セグレイブ,ドオー,ドドゲザン,ニンフィア,ヘイラッシャ
カイリュー,ガブリアス,サーフゴー,デカヌチャン,ブラッキー,ロトム
キョジオーン,クレベース,ドオー,ドヒドイデ,モロバレル,ラッキー
カイリュー,キノガッサ,サーフゴー,デカヌチャン,ブラッキー,ロトム
カイリュー,ガブリアス,サーフゴー,ドドゲザン,ドラパルト,ラウドボーン
オーロンゲ,サーフゴー,セグレイブ,ドラパルト,ヘイラッシャ,ロトム
キョジオーン,クレベース,ドオー,ドヒドイデ,ハピナス,ラウドボーン
カイリュー,キノガッサ,サーフゴー,セグレイブ,ノココッチ,ロトム
キョジオーン,ゲンガー,ドオー,ドドゲザン,マスカーニャ,ミミッキュ
カイリュー,キョジオーン,サーフゴー,セグレイブ,ドドゲザン,ドラパルト
カイリュー,ガブリアス,ゲンガー,コノヨザル,サザンドラ,ヘイラッシャ
カイリュー,サザンドラ,ドドゲザン,ドラパルト,ヘイラッシャ,ミミッキュ
ウルガモス,カバルドン,ギャラドス,サーフゴー,セグレイブ,ミミッキュ
ウルガモス,ギャラドス,コノヨザル,サザンドラ,ドドゲザン,ドラパルト
カイリュー,サーフゴー,ニンフィア,ヘイラッシャ,ミミッキュ,ラウドボーン
カイリュー,ガブリアス,サーフゴー,ブラッキー,ラウドボーン,ロトム
アーマーガア,ガブリアス,キョジオーン,グレンアルマ,コノヨザル,ドラパルト
オニゴーリ,ガブリアス,キョジオーン,ゲンガー,ドラパルト,マスカーニャ
カバルドン,ケンタロス,サーフゴー,セグレイブ,ハカドッグ,ロトム
ウルガモス,カイリュー,カバルドン,サーフゴー,ブラッキー,マスカーニャ
アーマーガア,ガブリアス,サザンドラ,サーフゴー,セグレイブ,マスカーニャ
ウルガモス,セグレイブ,ドラパルト,ニンフィア,ヘイラッシャ,マスカーニャ
カイリュー,ゲンガー,コノヨザル,ドドゲザン,マリルリ,ラウドボーン
カイリュー,キラフロル,クエスパトラ,サーフゴー,ドドゲザン,ドラパルト
カイリュー,ガブリアス,サザンドラ,ジバコイル,デカヌチャン,ヘイラッシャ
アーマーガア,ウルガモス,ガブリアス,サーフゴー,セグレイブ,ミミッキュ
ウルガモス,ガブリアス,ゲンガー,サザンドラ,ドドゲザン,パルシェン
ガブリアス,ドラパルト,ハッサム,マスカーニャ,ラウドボーン,ロトム
カイリュー,キラフロル,クエスパトラ,トリトドン,ドータクン,ミミッキュ
カイリュー,カバルドン,サザンドラ,サーフゴー,ドラパルト,ミミッキュ
ゲンガー,コノヨザル,ドドゲザン,ドラパルト,ヘイラッシャ,ボーマンダ
カイリュー,ガブリアス,コノヨザル,サーフゴー,ヘイラッシャ,マスカーニャ
カイリュー,ガブリアス,クエスパトラ,サーフゴー,ドドゲザン,ラウドボーン
キョジオーン,サーフゴー,ドオー,ドラパルト,ハピナス,ミミズズ
カイリュー,ガブリアス,サーフゴー,ドドゲザン,ミミッキュ,ロトム
サーフゴー,セグレイブ,ヘイラッシャ,マスカーニャ,ミミッキュ,ロトム
カイリュー,サーフゴー,トリトドン,ドドゲザン,ドラパルト,ミミッキュ
カイリュー,ガブリアス,サーフゴー,セグレイブ,ミミッキュ,ラウドボーン
ウルガモス,カイリュー,ガブリアス,クエスパトラ,パルシェン,ロトム
キノガッサ,クレベース,サーフゴー,ドヒドイデ,ハピナス,ヘイラッシャ
カイリュー,ガブリアス,ゲンガー,サーフゴー,マスカーニャ,ラウドボーン
ウルガモス,カイリュー,サーフゴー,セグレイブ,ドラパルト,ミミッキュ
カイリュー,ガブリアス,ドドゲザン,モトトカゲ,ラウドボーン,ロトム
ガブリアス,サーフゴー,ドヒドイデ,ドラパルト,ブラッキー,ロトム
カイリュー,サザンドラ,サーフゴー,ドラパルト,バンバドロ,マリルリ
カイリュー,クレベース,サーフゴー,ドオー,ハピナス,ヘイラッシャ
ウルガモス,カイリュー,カバルドン,サーフゴー,マスカーニャ,ロトム
カバルドン,キラフロル,サザンドラ,マスカーニャ,マリルリ,ラウドボーン
カイリュー,ガブリアス,グレンアルマ,サザンドラ,サーフゴー,ミミッキュ
カイリュー,ガブリアス,サーフゴー,セグレイブ,ドドゲザン,ラウドボーン
イエッサン,クエスパトラ,ゲンガー,ドドゲザン,フワライド,ラウドボーン
ウルガモス,カイリュー,キョジオーン,パーモット,ミミッキュ,メタモン
カイリュー,ガブリアス,キョジオーン,サーフゴー,ドドゲザン,ミミッキュ
カイリュー,サーフゴー,セグレイブ,ドドゲザン,ドラパルト,ラウドボーン
ウルガモス,カイリュー,ガブリアス,サーフゴー,デカヌチャン,ヘイラッシャ
カイリュー,キョジオーン,コノヨザル,セグレイブ,ドラパルト,ヘイラッシャ
アメモース,ウルガモス,カイリュー,キラフロル,セグレイブ,ミミッキュ
カイリュー,キラフロル,クエスパトラ,セグレイブ,ドドゲザン,ドラパルト
ウルガモス,カイリュー,サーフゴー,マスカーニャ,ミミッキュ,ラウドボーン
カイリュー,カバルドン,ガブリアス,マスカーニャ,ラウドボーン,ロトム
カイリュー,サザンドラ,サーフゴー,ニンフィア,パーモット,ヘイラッシャ
ウルガモス,キノガッサ,クエスパトラ,セグレイブ,ヘイラッシャ,ロトム
ガブリアス,キノガッサ,サザンドラ,サーフゴー,ドドゲザン,ミミッキュ
ウルガモス,カイリュー,デカヌチャン,トリトドン,パルシェン,ミミッキュ
カイリュー,ガブリアス,キョジオーン,ゲンガー,サーフゴー,ドドゲザン
ドオー,ドラパルト,ハッサム,マスカーニャ,マリルリ,ロトム
カイリュー,サーフゴー,ジバコイル,ブラッキー,マスカーニャ,ラウドボーン
ウェーニバル,ウルガモス,サーフゴー,ソウブレイズ,フワライド,マスカーニャ
カイリュー,コノヨザル,サザンドラ,セグレイブ,ミミッキュ,ラッキー
アーマーガア,クレベース,ドオー,ハピナス,ヘイラッシャ,モロバレル
カイリュー,ゲンガー,サーフゴー,セグレイブ,デカヌチャン,ハラバリー
ウルガモス,ガブリアス,サーフゴー,セグレイブ,ヘイラッシャ,ミミッキュ
アーマーガア,ウルガモス,サザンドラ,サーフゴー,ヘイラッシャ,ミミッキュ
コノヨザル,サザンドラ,サーフゴー,セグレイブ,デカヌチャン,ミミッキュ
カイリュー,ガブリアス,デカヌチャン,ドドゲザン,マスカーニャ,ラウドボーン
カイリュー,ガブリアス,サーフゴー,フラージェス,マスカーニャ,ロトム
カイリュー,ガブリアス,サザンドラ,サーフゴー,デカヌチャン,ブラッキー
サーフゴー,セグレイブ,デカヌチャン,ドラパルト,ヘイラッシャ,マスカーニャ
カイリュー,キョジオーン,ハピナス,ヘイラッシャ,マスカーニャ,ラウドボーン
カイリュー,コノヨザル,サーフゴー,トリトドン,マスカーニャ,マリルリ
オーロンゲ,カイリュー,コノヨザル,スコヴィラン,セグレイブ,ルカリオ
アーマーガア,イルカマン,オーロンゲ,ドラパルト,ミガルーサ,モロバレル
キョジオーン,クレベース,ドヒドイデ,ドラパルト,ハピナス,モロバレル
クエスパトラ,コノヨザル,サーフゴー,ノココッチ,ヘイラッシャ,ラウドボーン
カイリュー,コノヨザル,セグレイブ,ドドゲザン,ドラパルト,ドンファン
カイリュー,サーフゴー,セグレイブ,マスカーニャ,ミミッキュ,ラウドボーン
カイリュー,コノヨザル,サーフゴー,セグレイブ,マスカーニャ,ミミッキュ
カジリガメ,カバルドン,サザンドラ,サーフゴー,ペリッパー,マスカーニャ
カイリュー,キノガッサ,シャワーズ,ジバコイル,セグレイブ,ミミッキュ
カイリュー,サーフゴー,セグレイブ,ブラッキー,マスカーニャ,ラウドボーン
カバルドン,サザンドラ,サーフゴー,セグレイブ,マリルリ,ラウドボーン
サザンドラ,サーフゴー,セグレイブ,ソウブレイズ,バンバドロ,ロトム
カイリュー,ガブリアス,ゲンガー,サーフゴー,ドドゲザン,ボーマンダ
ウルガモス,カイリュー,サーフゴー,デカヌチャン,ドラパルト,マスカーニャ
イルカマン,カイリュー,コノヨザル,ドドゲザン,ドラパルト,ワタッコ
ゲンガー,サザンドラ,サーフゴー,セグレイブ,ドドゲザン,ヘイラッシャ
カバルドン,ゲンガー,セグレイブ,ドラパルト,マリルリ,ミミッキュ
カイリュー,ケンタロス,サザンドラ,サーフゴー,パルシェン,フラージェス
ウルガモス,キョジオーン,サーフゴー,セグレイブ,パーモット,ヘイラッシャ
カイリュー,カバルドン,キノガッサ,サーフゴー,ドドゲザン,ドラパルト
キョジオーン,セグレイブ,ドオー,マスカーニャ,ラウドボーン,ロトム
カイリュー,コノヨザル,サザンドラ,ドドゲザン,ヘイラッシャ,ロトム
ガブリアス,ケンタロス,コノヨザル,サザンドラ,ジバコイル,マスカーニャ
ウルガモス,カイリュー,キョジオーン,サーフゴー,セグレイブ,ドオー
カイリュー,ガブリアス,ゲンガー,サーフゴー,デカヌチャン,ニンフィア
ウルガモス,オーロンゲ,カイリュー,ガブリアス,サーフゴー,ロトム
カイリュー,サザンドラ,ソウブレイズ,デカヌチャン,トリトドン,マリルリ
アーマーガア,サーフゴー,セグレイブ,トリトドン,ドラパルト,マリルリ
カイリュー,コノヨザル,サザンドラ,サーフゴー,ヘイラッシャ,ロトム
カイリュー,キラフロル,コノヨザル,サザンドラ,マスカーニャ,ラウドボーン
ウルガモス,ガブリアス,サーフゴー,ヘイラッシャ,ミミッキュ,モロバレル
カイリュー,キョジオーン,サザンドラ,トリトドン,ミミッキュ,ラウドボーン
カイリュー,ガブリアス,キョジオーン,ゲンガー,サザンドラ,ミミッキュ
カイリュー,サーフゴー,ドドゲザン,ドラパルト,ヘイラッシャ,マスカーニャ
ガブリアス,サーフゴー,セグレイブ,ドドゲザン,ニンフィア,ヘイラッシャ
ウルガモス,カイリュー,ガブリアス,サーフゴー,ブラッキー,マスカーニャ
カイリュー,グレンアルマ,サーフゴー,ドラパルト,ヘイラッシャ,マスカーニャ
ウルガモス,ガブリアス,キノガッサ,ヘイラッシャ,ミミッキュ,ロトム
カイリュー,ガブリアス,サザンドラ,サーフゴー,トリトドン,ミミッキュ
クレベース,ドオー,ドラパルト,ハピナス,ヘイラッシャ,ラウドボーン
アーマーガア,イルカマン,カイリュー,ドオー,ドドゲザン,ドラパルト
ガブリアス,サザンドラ,ジバコイル,ヘイラッシャ,ミミッキュ,ラウドボーン
イッカネズミ,サーフゴー,ドドゲザン,ドラパルト,パーモット,ヘイラッシャ
ウルガモス,クレベース,ドオー,ドラパルト,ハピナス,ラウドボーン
ゲンガー,サザンドラ,サーフゴー,ジバコイル,セグレイブ,ブラッキー
カイリュー,ガブリアス,ゲンガー,サーフゴー,ドドゲザン,ヘイラッシャ
ウルガモス,ガブリアス,コノヨザル,ドラパルト,ブラッキー,マリルリ
カイリュー,グレンアルマ,サザンドラ,ドドゲザン,ヘイラッシャ,ミミッキュ
カバルドン,サーフゴー,ボーマンダ,マスカーニャ,マリルリ,ラウドボーン
カイリュー,グレンアルマ,ジバコイル,セグレイブ,ドラパルト,ヘイラッシャ
カイリュー,ガブリアス,サーフゴー,ドドゲザン,ドラパルト,ヘイラッシャ
カラミンゴ,サーフゴー,トロピウス,ドラパルト,バンギラス,ロトム
サーフゴー,セグレイブ,ドラパルト,ニンフィア,ヘイラッシャ,マスカーニャ
ウルガモス,キョジオーン,ギャラドス,ハラバリー,ブリムオン,マスカーニャ
ガブリアス,ゲンガー,サーフゴー,ドドゲザン,ブラッキー,ロトム
カイリュー,ガブリアス,サーフゴー,セグレイブ,ドドゲザン,マスカーニャ
カイリュー,ガブリアス,サザンドラ,サーフゴー,ミミッキュ,ロトム
カイリュー,ガブリアス,サーナイト,セグレイブ,ドドゲザン,ボーマンダ
アーマーガア,ウルガモス,サーフゴー,セグレイブ,ドラパルト,マスカーニャ
アーマーガア,ウルガモス,キラフロル,ドオー,マスカーニャ,ラウドボーン
ウルガモス,カバルドン,ガブリアス,セグレイブ,マスカーニャ,ロトム
サザンドラ,サーフゴー,セグレイブ,デカヌチャン,ヘイラッシャ,マスカーニャ
アーマーガア,ガブリアス,ドヒドイデ,ドラパルト,マスカーニャ,ラッキー
ウルガモス,カイリュー,キラフロル,サーフゴー,セグレイブ,ヘイラッシャ
ウインディ,ウルガモス,カイリュー,コノヨザル,サザンドラ,サーフゴー
ウルガモス,オノノクス,キラフロル,クエスパトラ,ドラパルト,ワルビアル
キラフロル,クエスパトラ,ケンタロス,サーフゴー,セグレイブ,マスカーニャ
ウルガモス,カイリュー,コノヨザル,ドドゲザン,ドラパルト,マリルリ
カイリュー,ガブリアス,ゲンガー,サーフゴー,ドドゲザン,ラウドボーン
アーマーガア,キョジオーン,サザンドラ,トリトドン,マリルリ,ラウドボーン
ゲンガー,サーフゴー,ドドゲザン,ドラパルト,ニンフィア,ヘイラッシャ
キョジオーン,サーフゴー,セグレイブ,ドラパルト,マスカーニャ,マリルリ
カバルドン,サーフゴー,セグレイブ,ニンフィア,ボーマンダ,マスカーニャ
ウルガモス,カイリュー,ガブリアス,サーフゴー,デカヌチャン,マスカーニャ
オーロンゲ,カイリュー,キラフロル,サーフゴー,セグレイブ,パーモット
ウルガモス,サーフゴー,デデンネ,ピカチュウ,ヘイラッシャ,ボーマンダ
ウルガモス,オーロンゲ,カイリュー,ダグトリオ,ドドゲザン,ロトム
アーマーガア,イルカマン,ガブリアス,サザンドラ,ドドゲザン,ニンフィア
ガブリアス,グレンアルマ,サーフゴー,ニンフィア,ヘイラッシャ,マスカーニャ
ウルガモス,オーロンゲ,ガブリアス,サーフゴー,セグレイブ,ヘイラッシャ
カイリュー,ガブリアス,グレンアルマ,サーフゴー,マスカーニャ,マリルリ
アーマーガア,キョジオーン,サーフゴー,ドオー,ドドゲザン,ドラパルト
カイリュー,クエスパトラ,コノヨザル,サーフゴー,マスカーニャ,ロトム
ウルガモス,カイリュー,カバルドン,サザンドラ,サーフゴー,マスカーニャ
カイリュー,サーフゴー,ジバコイル,ドオー,ドラパルト,マスカーニャ
アーマーガア,キョジオーン,ゲンガー,サザンドラ,セグレイブ,ミミッキュ
カイリュー,キラフロル,サザンドラ,サーフゴー,ヘイラッシャ,マスカーニャ
ガブリアス,サーフゴー,セグレイブ,マスカーニャ,ラウドボーン,ロトム
カイリュー,ガブリアス,クエスパトラ,サザンドラ,サーフゴー,ドドゲザン
カイリュー,ガブリアス,サーフゴー,ブラッキー,マスカーニャ,ロトム
アーマーガア,カイリュー,クエスパトラ,サザンドラ,サーフゴー,ラウドボーン
アーマーガア,ウルガモス,カイリュー,ガブリアス,ジバコイル,ミミッキュ
カイリュー,サザンドラ,サーフゴー,ミミッキュ,ラウドボーン,ロトム
アーマーガア,カイリュー,グレンアルマ,サザンドラ,サーフゴー,マリルリ
ウルガモス,カイリュー,サーフゴー,ドラパルト,バンバドロ,ミミッキュ
カバルドン,ギャラドス,ドドゲザン,ドラパルト,ニンフィア,ロトム
カイリュー,カバルドン,サーフゴー,ドドゲザン,マスカーニャ,ミミッキュ
イルカマン,カイリュー,ガブリアス,サザンドラ,サーフゴー,デカヌチャン
サーフゴー,デカヌチャン,ドラパルト,ヌメルゴン,マスカーニャ,ラウドボーン
カイリュー,キョジオーン,サーフゴー,ドオー,ミミズズ,モトトカゲ
カイリュー,サーフゴー,トリトドン,ドラパルト,マスカーニャ,ラウドボーン
カイリュー,キョジオーン,サザンドラ,サーフゴー,マスカーニャ,ミミッキュ
アーマーガア,キョジオーン,サーフゴー,トリトドン,ドラパルト,マスカーニャ
ウルガモス,カイリュー,サザンドラ,サーフゴー,セグレイブ,ヘイラッシャ
ガブリアス,サザンドラ,サーフゴー,ドヒドイデ,ミミッキュ,ロトム
カイリュー,シャワーズ,ジバコイル,セグレイブ,ドラパルト,マスカーニャ
ウルガモス,オーロンゲ,ガブリアス,ギャラドス,コノヨザル,サーフゴー
カイリュー,キノガッサ,クエスパトラ,トリトドン,ドラパルト,ミミッキュ
ガブリアス,サーフゴー,デカヌチャン,マスカーニャ,ラウドボーン,ロトム
ウルガモス,カイリュー,ガブリアス,キョジオーン,ドラパルト,ミミッキュ
ガブリアス,ケンタロス,タイカイデン,デカヌチャン,ミミッキュ,ラウドボーン
ウルガモス,ガブリアス,サーフゴー,ドラパルト,ブラッキー,ロトム
ウルガモス,オノノクス,カイリュー,ジバコイル,バンバドロ,ヘイラッシャ
ウルガモス,カイリュー,サザンドラ,ドドゲザン,ドラパルト,バンバドロ
ウルガモス,カイリュー,クエスパトラ,ドラパルト,ヘイラッシャ,ミミッキュ
キョジオーン,ケンタロス,セグレイブ,ドラパルト,マスカーニャ,ロトム
アーマーガア,キョジオーン,サーフゴー,ドオー,ハピナス,ラウドボーン
ウルガモス,カイリュー,サーフゴー,ドオー,パーモット,ミミズズ
アーマーガア,キョジオーン,ドラパルト,ハピナス,パーモット,マスカーニャ
ガブリアス,サザンドラ,サーフゴー,セグレイブ,パーモット,ヘイラッシャ
アーマーガア,オドリドリ,ゲンガー,コノヨザル,バンバドロ,マスカーニャ
カイリュー,コノヨザル,セグレイブ,ドラパルト,ミミズズ,ラウドボーン
ウルガモス,カイリュー,キョジオーン,サーフゴー,セグレイブ,ラウドボーン
カイリュー,ガブリアス,ハッサム,マスカーニャ,ラウドボーン,ロトム
カイリュー,ガブリアス,サザンドラ,デカヌチャン,マスカーニャ,ロトム
カイリュー,ガブリアス,キョジオーン,ゲンガー,マスカーニャ,ミミッキュ
カイリュー,ガブリアス,サーフゴー,バンギラス,マスカーニャ,ロトム
カイリュー,ガブリアス,ドドゲザン,ドラパルト,ラウドボーン,ロトム
カイリュー,ガブリアス,キョジオーン,サザンドラ,サーフゴー,マスカーニャ
ウルガモス,カイリュー,ガブリアス,サーフゴー,セグレイブ,ミミッキュ
ウルガモス,カイリュー,ガブリアス,ジバコイル,ヘイラッシャ,マスカーニャ
カイリュー,キョジオーン,サーフゴー,ドラパルト,ヘイラッシャ,マスカーニャ
カバルドン,クレベース,トリトドン,ドヒドイデ,ハピナス,ラウドボーン
オニゴーリ,ギャラドス,クエスパトラ,ゲンガー,サンダース,マスカーニャ
ウルガモス,ガブリアス,ドラパルト,マリルリ,ミミッキュ,ロトム
アーマーガア,キョジオーン,セグレイブ,マスカーニャ,ラウドボーン,ロトム
カイリュー,カバルドン,サザンドラ,サーフゴー,セグレイブ,マスカーニャ
エーフィ,セグレイブ,デカヌチャン,ブラッキー,マスカーニャ,ラウドボーン
ウルガモス,オーロンゲ,バンギラス,モスノウ,ヤドラン,ロトム
ウルガモス,カイリュー,ジバコイル,パルシェン,マスカーニャ,ミミッキュ
カイリュー,ガブリアス,サザンドラ,サーフゴー,ハカドッグ,バンギラス
ウルガモス,オーロンゲ,カイリュー,シャワーズ,セグレイブ,ドドゲザン
カイリュー,ガブリアス,サーフゴー,デカヌチャン,ドラパルト,ブラッキー
オリーヴァ,ガブリアス,サーフゴー,パーモット,ブリムオン,ラウドボーン
サザンドラ,サーフゴー,セグレイブ,パーモット,ミミッキュ,ロトム
ウルガモス,カイリュー,キョジオーン,ドオー,ドラパルト,マスカーニャ
カイリュー,サザンドラ,ジバコイル,バンバドロ,マスカーニャ,マリルリ
サーフゴー,ジバコイル,セグレイブ,ドラパルト,ヘイラッシャ,マスカーニャ
カイリュー,ガブリアス,サーフゴー,ジバコイル,ヘイラッシャ,ミミッキュ
ウルガモス,カバルドン,クエスパトラ,ドラパルト,パルシェン,ロトム
ウルガモス,ガブリアス,サーナイト,サーフゴー,ドドゲザン,ロトム
カイリュー,サーフゴー,ドラパルト,ハカドッグ,バンギラス,マスカーニャ
カイリュー,ケンタロス,コノヨザル,ストリンダー,ミミッキュ,ラウドボーン
ガブリアス,サーフゴー,ドラパルト,マスカーニャ,ラウドボーン,ロトム
クエスパトラ,コノヨザル,サザンドラ,セグレイブ,デカヌチャン,ハラバリー
カイリュー,ガブリアス,コノヨザル,サザンドラ,サーフゴー,ヘイラッシャ
ガブリアス,グレンアルマ,ゲンガー,コノヨザル,ドドゲザン,ヘイラッシャ
ガブリアス,サザンドラ,セグレイブ,ハッサム,メタモン,ロトム
ウルガモス,クエスパトラ,コノヨザル,サザンドラ,セグレイブ,マスカーニャ
ウルガモス,ガブリアス,コノヨザル,サザンドラ,ドラパルト,ロトム
ガブリアス,コノヨザル,セグレイブ,ドドゲザン,ラウドボーン,ロトム
アーマーガア,カイリュー,サザンドラ,サーフゴー,トリトドン,ミミッキュ
エクスレッグ,サーフゴー,ドオー,フワライド,モトトカゲ,ヤドラン
ウルガモス,カバルドン,キラフロル,コノヨザル,サザンドラ,ヘイラッシャ
カイリュー,サザンドラ,サーフゴー,ラウドボーン,ルガルガン,ロトム
カイリュー,サーフゴー,ドドゲザン,ドラパルト,マスカーニャ,ロトム
カイリュー,ガブリアス,コノヨザル,サーフゴー,ドラパルト,ヘイラッシャ
ウルガモス,カイリュー,ガブリアス,サーフゴー,セグレイブ,ミミズズ
カイリュー,ガブリアス,コノヨザル,サーフゴー,ジバコイル,バンギラス
カイリュー,サーフゴー,セグレイブ,ドラパルト,ヘイラッシャ,ミミッキュ
ウルガモス,ギャラドス,ドラパルト,ハッサム,バンバドロ,ロトム
ウェーニバル,カイリュー,キラフロル,サーフゴー,セグレイブ,デカヌチャン
カジリガメ,カバルドン,ドドゲザン,ドラパルト,ペリッパー,モロバレル
カイリュー,コノヨザル,サーフゴー,ドラパルト,ヘイラッシャ,ミミッキュ
ウルガモス,コノヨザル,セグレイブ,ドドゲザン,ドラパルト,ミガルーサ
カイリュー,キョジオーン,サーフゴー,ドラパルト,マスカーニャ,ロトム
カイリュー,ガブリアス,サザンドラ,ドータクン,ミミッキュ,ラウドボーン
カバルドン,ガブリアス,パルシェン,マスカーニャ,ミミッキュ,ルカリオ
カイリュー,ガブリアス,マスカーニャ,ミミズズ,ラウドボーン,ロトム
カイリュー,キラフロル,ゴチルゼル,サーフゴー,セグレイブ,ラウドボーン
キノガッサ,サーフゴー,セグレイブ,ヘイラッシャ,ミミッキュ,ロトム
カイリュー,サーフゴー,ハカドッグ,バンギラス,マスカーニャ,ロトム
カイリュー,サザンドラ,サーフゴー,ドラパルト,バンバドロ,ミミッキュ
アーマーガア,コータス,スコヴィラン,ドラパルト,パーモット,ミミッキュ
ウルガモス,カイリュー,キョジオーン,デカヌチャン,ドラパルト,ロトム
キョジオーン,クレベース,サーフゴー,ドヒドイデ,ハピナス,ラウドボーン
ガブリアス,サーフゴー,デカヌチャン,ドラパルト,ブラッキー,ロトム
コノヨザル,サーフゴー,セグレイブ,パーモット,ミミズズ,ミミッキュ
ウルガモス,サーフゴー,セグレイブ,ブラッキー,ミミッキュ,ロトム
カイリュー,カバルドン,サザンドラ,サーフゴー,ヘイラッシャ,マスカーニャ
カイリュー,ガブリアス,サーフゴー,ニンフィア,マリルリ,ロトム
サザンドラ,サーフゴー,ジバコイル,ハッサム,マリルリ,ロトム
カイリュー,キノガッサ,ストリンダー,パルシェン,マスカーニャ,モトトカゲ
ガブリアス,ゲンガー,サーフゴー,セグレイブ,ブラッキー,ロトム
アーマーガア,ウルガモス,オノノクス,サーフゴー,マスカーニャ,マリルリ
ガブリアス,キノガッサ,クエスパトラ,サーフゴー,ドラパルト,ラウドボーン
カイリュー,キョジオーン,ゲンガー,サーフゴー,ドドゲザン,ハピナス
コノヨザル,サーフゴー,セグレイブ,パーモット,ヘイラッシャ,ミミッキュ
カイリュー,ガブリアス,ケンタロス,サーフゴー,マスカーニャ,モトトカゲ
カイリュー,サザンドラ,サーフゴー,ドラパルト,ヘイラッシャ,ミミッキュ
アーマーガア,クレベース,ドオー,ドヒドイデ,フラージェス,モロバレル
ウルガモス,カイリュー,ガブリアス,サーフゴー,ドラパルト,ヘイラッシャ
ウルガモス,オーロンゲ,キョジオーン,サーフゴー,パルシェン,ロトム
オノノクス,カイリュー,コノヨザル,ドドゲザン,ミミッキュ,ロトム
ガブリアス,セグレイブ,ドドゲザン,ミミッキュ,ルカリオ,ロトム
カイリュー,ガブリアス,サーフゴー,ドラパルト,ブラッキー,ロトム
アーマーガア,ウインディ,クレベース,ドオー,ドヒドイデ,ラッキー
カイリュー,サーフゴー,ジバコイル,ヘイラッシャ,マスカーニャ,モロバレル
イルカマン,カイリュー,コノヨザル,サーフゴー,ブラッキー,ペリッパー
クレベース,ドオー,ドヒドイデ,ハピナス,モロバレル,ラウドボーン
オニゴーリ,カイリュー,キラフロル,サーフゴー,セグレイブ,パーモット
アマージョ,ガブリアス,サーフゴー,ドラパルト,バンギラス,ロトム
カイリュー,クエスパトラ,サーフゴー,マスカーニャ,ラウドボーン,ロトム
ガブリアス,サザンドラ,ドラパルト,ヘイラッシャ,ミミッキュ,ラウドボーン
カイリュー,ガブリアス,サーフゴー,ジバコイル,ドドゲザン,ドラパルト
オーロンゲ,ギャラドス,サーフゴー,ドドゲザン,ドラパルト,ラウドボーン
オニゴーリ,サンダース,デカヌチャン,ドラパルト,パルシェン,マスカーニャ
ガブリアス,サーフゴー,ドラパルト,ハラバリー,ユキノオー,ラウドボーン
ウルガモス,キラフロル,コノヨザル,セグレイブ,ドラパルト,ミミズズ
イッカネズミ,ジバコイル,フリージオ,ポットデス,メタモン,ロトム
カイリュー,ガブリアス,キョジオーン,サーフゴー,トリトドン,ニンフィア
グレンアルマ,サザンドラ,ジバコイル,セグレイブ,ドドゲザン,ハリテヤマ
カイリュー,サーフゴー,ストリンダー,セグレイブ,ドドゲザン,バンバドロ
カイリュー,クエスパトラ,コノヨザル,サーフゴー,セグレイブ,マスカーニャ
クエスパトラ,セグレイブ,ドドゲザン,ドラパルト,ミミッキュ,ロトム
アーマーガア,カバルドン,ガブリアス,サザンドラ,ミミッキュ,ロトム
ガブリアス,ジバコイル,フワライド,マニューラ,ルカリオ,ロトム
ウルガモス,カイリュー,サーフゴー,セグレイブ,ドラパルト,マスカーニャ
ウルガモス,カイリュー,サザンドラ,サーフゴー,ヘイラッシャ,ミミッキュ
ウルガモス,カイリュー,サーフゴー,ハッサム,バンギラス,マリルリ
アーマーガア,グレンアルマ,セグレイブ,トリトドン,マスカーニャ,ルカリオ
オニゴーリ,カイリュー,ゲンガー,ドオー,ドドゲザン,マスカーニャ
ケンタロス,ゲンガー,サザンドラ,セグレイブ,ヘイラッシャ,ラッキー
アーマーガア,イルカマン,サーフゴー,ドオー,ニンフィア,パーモット
カイリュー,ガブリアス,サザンドラ,サーフゴー,ドドゲザン,ロトム
カイリュー,コノヨザル,サザンドラ,セグレイブ,ドドゲザン,ラウドボーン
カイリュー,ガブリアス,サーフゴー,セグレイブ,タイカイデン,ヘイラッシャ
エンニュート,カイリュー,コノヨザル,サーフゴー,セグレイブ,マスカーニャ
イエッサン,クエスパトラ,ゲンガー,ノココッチ,フワライド,ラウドボーン
カイリュー,ガブリアス,サザンドラ,サーフゴー,ヘイラッシャ,ヘラクロス
アーマーガア,サーフゴー,ドヒドイデ,ハピナス,ヘイラッシャ,モロバレル
カイリュー,ガブリアス,サザンドラ,サーフゴー,ハリテヤマ,ロトム
ウルガモス,カイリュー,セグレイブ,ドドゲザン,ヘイラッシャ,ロトム
カバルドン,コノヨザル,サーフゴー,ハッサム,ボーマンダ,マスカーニャ
カバルドン,サザンドラ,サーフゴー,セグレイブ,ハカドッグ,ロトム
サーフゴー,ドラパルト,パーモット,ヘイラッシャ,ミミッキュ,ロトム
キノガッサ,セグレイブ,ドドゲザン,ドラパルト,ラウドボーン,ロトム
カイリュー,サザンドラ,サーフゴー,ドドゲザン,ドラパルト,ヘイラッシャ
カイリュー,ガブリアス,コノヨザル,サーフゴー,ドドゲザン,ラウドボーン
ウルガモス,オーロンゲ,ギャラドス,クエスパトラ,ソウブレイズ,マスカーニャ
カイリュー,カバルドン,サーフゴー,セグレイブ,ハッサム,ロトム
オーロンゲ,クエスパトラ,ハラバリー,パルシェン,ミミッキュ,ユキノオー
カイリュー,サーフゴー,セグレイブ,ニンフィア,パーモット,ヘイラッシャ
カイリュー,サザンドラ,サーフゴー,ドドゲザン,ラウドボーン,ロトム
カイリュー,ガブリアス,コノヨザル,サザンドラ,サーフゴー,ノココッチ
ウルガモス,カイリュー,キョジオーン,ドドゲザン,ヌメルゴン,ミミッキュ
ガブリアス,キノガッサ,サーフゴー,ドドゲザン,ミミッキュ,ロトム
ウルガモス,カイリュー,ドドゲザン,ドラパルト,マスカーニャ,ラウドボーン
ガブリアス,ドドゲザン,ドラパルト,パーモット,ヘイラッシャ,ミミッキュ
アーマーガア,カイリュー,ニンフィア,ハッサム,モトトカゲ,ロトム
ウルガモス,サザンドラ,セグレイブ,ドドゲザン,ドラパルト,パルシェン
カイリュー,ガブリアス,サーフゴー,ジバコイル,セグレイブ,ドドゲザン
サザンドラ,サーフゴー,セグレイブ,ドラパルト,ヘイラッシャ,マスカーニャ
ガブリアス,クエスパトラ,ドドゲザン,ドラパルト,ハルクジラ,ラウドボーン
アーマーガア,キョジオーン,セグレイブ,テツノカイナ,テツノドクガ,ハバタクカミ
ガブリアス,テツノツツミ,ドドゲザン,ニンフィア,ハバタクカミ,モロバレル
カイリュー,サーフゴー,セグレイブ,テツノドクガ,ハバタクカミ,ヘイラッシャ
カイリュー,スナノケガワ,テツノドクガ,ドドゲザン,ニンフィア,ロトム
イダイナキバ,カイリュー,サーフゴー,テツノブジン,ハッサム,ミミッキュ
カイリュー,キョジオーン,テツノツツミ,ドオー,ドドゲザン,ミミッキュ
アラブルタケ,カバルドン,サーフゴー,テツノツツミ,トドロクツキ,ハラバリー
カイリュー,カバルドン,サーフゴー,トドロクツキ,ハバタクカミ,ロトム
カイリュー,サーフゴー,セグレイブ,ドドゲザン,ハバタクカミ,マリルリ
カイリュー,カバルドン,サーフゴー,テツノツツミ,マスカーニャ,ミミッキュ
イルカマン,ウインディ,カバルドン,サーフゴー,トドロクツキ,ハバタクカミ
カイリュー,カバルドン,サーフゴー,テツノカイナ,テツノツツミ,ミミッキュ
カバルドン,サーフゴー,セグレイブ,トドロクツキ,ハバタクカミ,ルカリオ
ウルガモス,カバルドン,サーフゴー,トドロクツキ,ハバタクカミ,マリルリ
イダイナキバ,セグレイブ,ハッサム,ハバタクカミ,マスカーニャ,ロトム
イルカマン,ウルガモス,カイリュー,サーフゴー,セグレイブ,テツノドクガ
カイリュー,カバルドン,サーフゴー,ドドゲザン,ハバタクカミ,マスカーニャ
アーマーガア,カバルドン,ジバコイル,テツノツツミ,トドロクツキ,マスカーニャ
イダイナキバ,カイリュー,ジバコイル,セグレイブ,ハバタクカミ,ヘイラッシャ
ウルガモス,ガブリアス,コノヨザル,サーフゴー,ハバタクカミ,ロトム
カバルドン,サーフゴー,テツノドクガ,ハッサム,マスカーニャ,マリルリ
アーマーガア,クエスパトラ,サザンドラ,サーフゴー,デカヌチャン,ドオー
カイリュー,サーフゴー,スナノケガワ,ハバタクカミ,マスカーニャ,ミミズズ
カイリュー,ガブリアス,サーフゴー,ドドゲザン,ハバタクカミ,ヘイラッシャ
アーマーガア,イルカマン,キョジオーン,ジバコイル,ドオー,ハバタクカミ
セグレイブ,テツノドクガ,ドドゲザン,ハバタクカミ,パーモット,ヘイラッシャ
カイリュー,サーフゴー,ジバコイル,セグレイブ,ヘイラッシャ,マスカーニャ
ウルガモス,キョジオーン,コノヨザル,ジバコイル,セグレイブ,テツノツツミ
イルカマン,カイリュー,スナノケガワ,テツノブジン,ハッサム,マスカーニャ
キノガッサ,クエスパトラ,ゲンガー,ドドゲザン,ミミッキュ,リングマ
ギャラドス,クエスパトラ,セグレイブ,ドラパルト,ハリテヤマ,ミミッキュ
セグレイブ,テツノカイナ,テツノドクガ,ドドゲザン,ハバタクカミ,ロトム
イダイナキバ,カイリュー,ジバコイル,トドロクツキ,ハバタクカミ,ヘイラッシャ
キラフロル,クエスパトラ,クレベース,ゴーゴート,ドドゲザン,ミガルーサ
ガブリアス,テツノドクガ,ハッサム,ハバタクカミ,モロバレル,ロトム
サーフゴー,セグレイブ,ドドゲザン,ハバタクカミ,バンバドロ,モロバレル
イダイナキバ,カイリュー,コータス,サーナイト,ハッサム,ハバタクカミ
カイリュー,コノヨザル,ジバコイル,テツノツツミ,トドロクツキ,ドオー
イダイナキバ,カイリュー,サーフゴー,セグレイブ,ハラバリー,マスカーニャ
アーマーガア,キョジオーン,ドラパルト,ハピナス,ヘイラッシャ,ミミッキュ
ゴチルゼル,セグレイブ,テツノドクガ,テツノブジン,ハバタクカミ,ヘイラッシャ
アーマーガア,ガブリアス,ジバコイル,セグレイブ,テツノツツミ,ハバタクカミ
コノヨザル,セグレイブ,テツノドクガ,ハバタクカミ,ヘイラッシャ,ミミッキュ
カイリュー,カバルドン,サザンドラ,サーフゴー,ドドゲザン,ミミッキュ
カイリュー,コノヨザル,テツノカイナ,デカヌチャン,ハバタクカミ,ヘイラッシャ
カイリュー,デカヌチャン,ドドゲザン,ハバタクカミ,マスカーニャ,ラウドボーン
サーフゴー,テツノカイナ,テツノツツミ,トドロクツキ,ドヒドイデ,ミミズズ
イルカマン,カイリュー,カバルドン,ジバコイル,セグレイブ,ハバタクカミ
クエスパトラ,コノヨザル,サーフゴー,ジバコイル,ハバタクカミ,マスカーニャ
カイリュー,キョジオーン,サーフゴー,セグレイブ,テツノドクガ,ハバタクカミ
アーマーガア,ガブリアス,ジバコイル,テツノツツミ,テツノドクガ,ロトム
カイリュー,キョジオーン,テツノドクガ,ハバタクカミ,マスカーニャ,ミミッキュ
アラブルタケ,カイリュー,テツノツツミ,ハッサム,ハバタクカミ,パーモット
イダイナキバ,カイリュー,サーフゴー,テツノドクガ,ドドゲザン,ロトム
カイリュー,カバルドン,テツノカイナ,テツノドクガ,ハバタクカミ,マスカーニャ
イルカマン,カイリュー,キノガッサ,ジバコイル,ハバタクカミ,ブラッキー
イダイナキバ,サーフゴー,セグレイブ,テツノブジン,ミミッキュ,ロトム
カイリュー,ガブリアス,ジバコイル,セグレイブ,ヘイラッシャ,マスカーニャ
オニゴーリ,ストリンダー,セグレイブ,ハバタクカミ,ヘイラッシャ,マスカーニャ
カバルドン,セグレイブ,ドドゲザン,ハバタクカミ,ヘイラッシャ,マスカーニャ
イダイナキバ,ウルガモス,セグレイブ,ヘイラッシャ,ミミズズ,ミミッキュ
クエスパトラ,コノヨザル,セグレイブ,ドドゲザン,ハバタクカミ,ヘイラッシャ
カイリュー,キノガッサ,サーフゴー,セグレイブ,ハバタクカミ,ヘイラッシャ
カイリュー,カバルドン,テツノツツミ,ハバタクカミ,マスカーニャ,ミミッキュ
カバルドン,テツノドクガ,テツノブジン,ドドゲザン,ハバタクカミ,ロトム
アーマーガア,カイリュー,サーフゴー,テツノカイナ,テツノツツミ,ミミズズ
カバルドン,サーフゴー,トドロクツキ,ハバタクカミ,ヘイラッシャ,マスカーニャ
ウルガモス,ガブリアス,コノヨザル,ジバコイル,セグレイブ,ドドゲザン
カイリュー,サーフゴー,セグレイブ,ドドゲザン,ハバタクカミ,ヘイラッシャ
カイリュー,コノヨザル,テツノツツミ,ハバタクカミ,ヘイラッシャ,ユキノオー
キノガッサ,クエスパトラ,コノヨザル,セグレイブ,ハバタクカミ,ミミッキュ
カイリュー,キノガッサ,クエスパトラ,テツノドクガ,ハバタクカミ,ミミッキュ
ガブリアス,キョジオーン,セグレイブ,テツノドクガ,ハバタクカミ,マスカーニャ
アラブルタケ,カイリュー,コノヨザル,サーフゴー,スナノケガワ,テツノツツミ
アーマーガア,クエスパトラ,サーフゴー,スナノケガワ,トドロクツキ,ハバタクカミ
イルカマン,ガブリアス,サーフゴー,デカヌチャン,ハバタクカミ,ブラッキー
イダイナキバ,カイリュー,セグレイブ,ハバタクカミ,ヘイラッシャ,モロバレル
カイリュー,ガブリアス,ジバコイル,セグレイブ,テツノドクガ,ヘイラッシャ
イルカマン,キノガッサ,キョジオーン,セグレイブ,テツノワダチ,ハバタクカミ
イダイナキバ,ウルガモス,カイリュー,キョジオーン,サーフゴー,ハバタクカミ
カイリュー,カバルドン,セグレイブ,テツノツツミ,ハバタクカミ,ミミッキュ
クエスパトラ,サザンドラ,サーフゴー,セグレイブ,ハバタクカミ,ヘイラッシャ
アラブルタケ,アーマーガア,キョジオーン,コータス,トドロクツキ,ハバタクカミ
ガブリアス,クエスパトラ,セグレイブ,ニンフィア,ヘイラッシャ,マスカーニャ
ガブリアス,セグレイブ,テツノドクガ,ミミッキュ,ルカリオ,ロトム
キノガッサ,サケブシッポ,サーフゴー,テツノツツミ,トドロクツキ,ミミッキュ
カイリュー,サーフゴー,セグレイブ,テツノツツミ,ハッサム,ミミッキュ
アーマーガア,コータス,トドロクツキ,ドラパルト,パーモット,ミミッキュ
カイリュー,コノヨザル,ドドゲザン,ドラパルト,マスカーニャ,ラウドボーン
カイリュー,サーフゴー,ジバコイル,テツノツツミ,ヘイラッシャ,ミミッキュ
カバルドン,サーフゴー,テツノドクガ,トドロクツキ,ミミッキュ,ロトム
ウルガモス,カバルドン,サーフゴー,トドロクツキ,ブラッキー,マスカーニャ
カバルドン,ガブリアス,キョジオーン,セグレイブ,テツノドクガ,ヘイラッシャ
クレベース,サーフゴー,セグレイブ,トドロクツキ,ハバタクカミ,マスカーニャ
アラブルタケ,ウェーニバル,サザンドラ,サーフゴー,デカヌチャン,ハバタクカミ
カイリュー,カバルドン,テツノツツミ,ドドゲザン,ハバタクカミ,ルカリオ
イダイナキバ,カイリュー,コノヨザル,セグレイブ,ハバタクカミ,ロトム
サザンドラ,サーフゴー,セグレイブ,ハバタクカミ,ヘイラッシャ,ミミッキュ
エーフィ,カイリュー,テツノドクガ,ドラパルト,ブラッキー,ミミッキュ
カイリュー,カバルドン,サーフゴー,セグレイブ,ハバタクカミ,ロトム
コノヨザル,サーフゴー,セグレイブ,テツノブジン,ハバタクカミ,ヘイラッシャ
アラブルタケ,カイリュー,クエスパトラ,サーフゴー,ハバタクカミ,ヘイラッシャ
アーマーガア,セグレイブ,トドロクツキ,ハバタクカミ,ハラバリー,ラウドボーン
カバルドン,サケブシッポ,テツノツツミ,トドロクツキ,マスカーニャ,ミミッキュ
クエスパトラ,コノヨザル,テツノツツミ,テツノブジン,ハバタクカミ,ロトム
カイリュー,カバルドン,サーフゴー,ジバコイル,ハバタクカミ,ブラッキー
イダイナキバ,サザンドラ,サーフゴー,セグレイブ,ハバタクカミ,ヘイラッシャ
セグレイブ,テツノツツミ,テツノワダチ,ドラパルト,ヘイラッシャ,ロトム
イダイナキバ,カイリュー,ジバコイル,セグレイブ,テツノツツミ,ミミッキュ
キョジオーン,コノヨザル,テツノツツミ,トドロクツキ,マスカーニャ,ミミッキュ
キノガッサ,セグレイブ,テツノドクガ,テツノワダチ,ハバタクカミ,ヘイラッシャ
ウルガモス,ギャラドス,サーフゴー,ドラパルト,バンバドロ,ロトム
ウルガモス,サーナイト,サーフゴー,トドロクツキ,ドドゲザン,ロトム
アーマーガア,キノガッサ,クエスパトラ,テツノドクガ,ドラパルト,ハバタクカミ
ガブリアス,サーフゴー,セグレイブ,ハバタクカミ,マスカーニャ,ラウドボーン
カイリュー,カバルドン,ニンフィア,ハバタクカミ,マスカーニャ,ラウドボーン
ガブリアス,テツノツツミ,ドドゲザン,ハバタクカミ,モロバレル,ロトム
イルカマン,カイリュー,テツノカイナ,ドラパルト,ミミズズ,モロバレル
キョジオーン,クレベース,トリトドン,ドヒドイデ,ハピナス,ラウドボーン
キノガッサ,セグレイブ,テツノブジン,ハバタクカミ,ヘイラッシャ,ミミッキュ
オーロンゲ,カイリュー,サーフゴー,テツノワダチ,ハバタクカミ,ラウドボーン
イダイナキバ,カイリュー,コノヨザル,ジバコイル,ハバタクカミ,ヘイラッシャ
カイリュー,キノガッサ,スナノケガワ,セグレイブ,ハバタクカミ,ママンボウ
カイリュー,コノヨザル,サーフゴー,ドドゲザン,ハバタクカミ,ヘイラッシャ
ウルガモス,カイリュー,ガブリアス,サーフゴー,テツノツツミ,ドドゲザン
カイリュー,コノヨザル,サーフゴー,ドドゲザン,ハバタクカミ,マスカーニャ
カイリュー,ガブリアス,サザンドラ,セグレイブ,トドロクツキ,ドラパルト
イダイナキバ,ジバコイル,テツノコウベ,テツノドクガ,ポットデス,ロトム
イエッサン,サザンドラ,ハバタクカミ,バンバドロ,パーモット,ヘイラッシャ
カイリュー,キラフロル,サーフゴー,ジバコイル,ハバタクカミ,ヘイラッシャ
ガブリアス,キノガッサ,ギャラドス,サーフゴー,ハバタクカミ,ブラッキー
ウェーニバル,クエスパトラ,コノヨザル,サーフゴー,ゾロアーク,リキキリン
カイリュー,カバルドン,サーフゴー,ジバコイル,テツノブジン,ハバタクカミ
ガブリアス,キョジオーン,セグレイブ,テツノブジン,ハバタクカミ,ヘイラッシャ
コノヨザル,セグレイブ,テツノツツミ,テツノドクガ,ミミッキュ,ロトム
ガブリアス,セグレイブ,テツノブジン,ハバタクカミ,マリルリ,ミミッキュ
アーマーガア,イルカマン,ガブリアス,キョジオーン,ハバタクカミ,ハラバリー
ガブリアス,ギャラドス,コノヨザル,ジバコイル,セグレイブ,ハバタクカミ
サーフゴー,セグレイブ,テツノカイナ,テツノツツミ,ミミズズ,ミミッキュ
アーマーガア,イダイナキバ,ウルガモス,キョジオーン,タギングル,ドラパルト
アーマーガア,サケブシッポ,トドロクツキ,ハッサム,ハバタクカミ,ロトム
イダイナキバ,サーフゴー,ドラパルト,ニンフィア,ハッサム,ロトム
ウインディ,カイリュー,サーフゴー,チヲハウハネ,ハバタクカミ,ロトム
アーマーガア,イルカマン,ガブリアス,キノガッサ,ハバタクカミ,ハピナス
ガブリアス,ギャラドス,サーフゴー,ジバコイル,セグレイブ,ハバタクカミ
アーマーガア,コノヨザル,セグレイブ,テツノドクガ,ハバタクカミ,マスカーニャ
アーマーガア,コノヨザル,テツノツツミ,ドオー,ハバタクカミ,マスカーニャ
イダイナキバ,ウェーニバル,ウルガモス,カイリュー,ハバタクカミ,ミミズズ
カイリュー,コノヨザル,トドロクツキ,ドドゲザン,ハバタクカミ,ロトム
サーフゴー,セグレイブ,テツノブジン,ドドゲザン,ハバタクカミ,ロトム
カイリュー,キノガッサ,セグレイブ,テツノカイナ,ドヒドイデ,ハバタクカミ
セグレイブ,テツノドクガ,ハバタクカミ,ヘイラッシャ,マスカーニャ,ミミッキュ
カイリュー,サーフゴー,ハバタクカミ,パーモット,ヘイラッシャ,ラッキー
カバルドン,サーフゴー,セグレイブ,テツノドクガ,ブラッキー,ロトム
ソウブレイズ,テツノツツミ,テツノワダチ,ハバタクカミ,マスカーニャ,ラウドボーン
オニゴーリ,カイリュー,サンダース,デカヌチャン,ハバタクカミ,ベトベトン
キノガッサ,クエスパトラ,コノヨザル,セグレイブ,テツノツツミ,ハバタクカミ
カイリュー,サザンドラ,セグレイブ,ハバタクカミ,マスカーニャ,ロトム
ガブリアス,セグレイブ,テツノドクガ,ハバタクカミ,マスカーニャ,ミミズズ
イエッサン,クエスパトラ,サザンドラ,テツノイバラ,ドラパルト,フワライド
カイリュー,コノヨザル,サーフゴー,セグレイブ,ハバタクカミ,ヘイラッシャ
キラフロル,クエスパトラ,コノヨザル,ドドゲザン,ドラパルト,ハバタクカミ
カバルドン,キノガッサ,サーフゴー,セグレイブ,ハバタクカミ,マリルリ
ウルガモス,キノガッサ,セグレイブ,ハバタクカミ,マスカーニャ,ロトム
カイリュー,ガブリアス,ジバコイル,テツノドクガ,ハバタクカミ,ロトム
イルカマン,サーフゴー,セグレイブ,ハバタクカミ,ハラバリー,ブラッキー
アーマーガア,クエスパトラ,コノヨザル,ドオー,ハバタクカミ,マスカーニャ
アーマーガア,クエスパトラ,コノヨザル,セグレイブ,テツノドクガ,マリルリ
イダイナキバ,サーフゴー,セグレイブ,ハッサム,ハバタクカミ,ロトム
クエスパトラ,サーフゴー,ドラパルト,ハバタクカミ,ハラバリー,マスカーニャ
ギャラドス,スナノケガワ,セグレイブ,ハバタクカミ,マスカーニャ,ミミズズ
カバルドン,テツノドクガ,トドロクツキ,ハカドッグ,ハバタクカミ,ブラッキー
アーマーガア,エクスレッグ,コノヨザル,サザンドラ,ミミッキュ,ロトム
カイリュー,サーフゴー,セグレイブ,ドドゲザン,ハバタクカミ,ミミッキュ
ウルガモス,カイリュー,コノヨザル,セグレイブ,テツノツツミ,ハバタクカミ
アーマーガア,ガブリアス,サーフゴー,テツノドクガ,ドオー,ハバタクカミ
ウルガモス,カイリュー,サーフゴー,トドロクツキ,ドラパルト,マリルリ
カバルドン,テツノドクガ,ドラパルト,ハッサム,ラウドボーン,ロトム
アーマーガア,イルカマン,キョジオーン,ジバコイル,テツノブジン,ハバタクカミ
イダイナキバ,カイリュー,ジバコイル,ハバタクカミ,ミミッキュ,ラウドボーン
ウェーニバル,ガケガニ,コノヨザル,マスカーニャ,ラウドボーン,リキキリン
カイリュー,サーフゴー,セグレイブ,テツノドクガ,ドドゲザン,ハバタクカミ
イダイナキバ,キョジオーン,セグレイブ,テツノドクガ,ハバタクカミ,ヘイラッシャ
イダイナキバ,カイリュー,キョジオーン,テツノツツミ,テツノドクガ,マスカーニャ
イダイナキバ,カイリュー,セグレイブ,テツノドクガ,ハバタクカミ,ヘイラッシャ
イダイナキバ,ギャラドス,テツノドクガ,ドドゲザン,ハバタクカミ,ユキノオー
イダイナキバ,セグレイブ,テツノドクガ,テツノブジン,ハバタクカミ,ヘイラッシャ
ウルガモス,ガブリアス,サザンドラ,サーフゴー,テツノツツミ,マリルリ
イダイナキバ,オリーヴァ,キラフロル,トドロクツキ,ハバタクカミ,ラウドボーン
ウェーニバル,カイリュー,セグレイブ,テツノツツミ,テツノドクガ,ミミッキュ
サーフゴー,テツノカイナ,テツノツツミ,ドオー,マスカーニャ,ロトム
カイリュー,サーフゴー,テツノツツミ,トリトドン,ドドゲザン,マスカーニャ
イダイナキバ,カイリュー,コータス,サーナイト,ドドゲザン,ハバタクカミ
イダイナキバ,カイリュー,キョジオーン,サーフゴー,ドオー,ハバタクカミ
カイリュー,サーフゴー,ジバコイル,テツノツツミ,ドオー,マスカーニャ
カイリュー,キョジオーン,ドオー,ドヒドイデ,ハピナス,ヘイラッシャ
カイリュー,ガブリアス,サーフゴー,ドドゲザン,ハバタクカミ,ロトム
カバルドン,サーフゴー,セグレイブ,テツノツツミ,テツノドクガ,ヘイラッシャ
イルカマン,カイリュー,キラフロル,サケブシッポ,ドドゲザン,ハバタクカミ
クエスパトラ,サーフゴー,テツノカイナ,トドロクツキ,ドドゲザン,ハバタクカミ
カイリュー,セグレイブ,ドオー,ドドゲザン,ハバタクカミ,ヘイラッシャ
サーフゴー,ジバコイル,テツノワダチ,ドドゲザン,ドータクン,ハッサム
イルカマン,カイリュー,サーフゴー,ドオー,ハッサム,マスカーニャ
イダイナキバ,オリーヴァ,カイリュー,サーフゴー,テツノツツミ,ラウドボーン
カイリュー,キョジオーン,コノヨザル,セグレイブ,テツノドクガ,ハバタクカミ
サーフゴー,テツノツツミ,トドロクツキ,ドドゲザン,バンバドロ,マスカーニャ
イダイナキバ,ウルガモス,カイリュー,サーフゴー,ドドゲザン,ロトム
カバルドン,サーフゴー,セグレイブ,テツノドクガ,ハバタクカミ,マスカーニャ
カバルドン,サーフゴー,セグレイブ,トドロクツキ,マスカーニャ,ラウドボーン
コノヨザル,テツノツツミ,ドドゲザン,ハッサム,ハバタクカミ,ミミッキュ
カイリュー,サーフゴー,テツノツツミ,ドオー,ドドゲザン,ロトム
イルカマン,カイリュー,サーフゴー,テツノドクガ,テツノワダチ,ニンフィア
アーマーガア,カイリュー,ガブリアス,コノヨザル,ハバタクカミ,ミミッキュ
ウェーニバル,キノガッサ,セグレイブ,ドドゲザン,ドラパルト,ハバタクカミ
カイリュー,カバルドン,サーフゴー,テツノツツミ,ドドゲザン,ハバタクカミ
カイリュー,カバルドン,ジバコイル,テツノツツミ,トドロクツキ,マスカーニャ
セグレイブ,テツノツツミ,ドオー,ハバタクカミ,パーモット,ミミッキュ
カイリュー,カバルドン,サーフゴー,セグレイブ,テツノブジン,ハバタクカミ
アラブルタケ,ウェーニバル,キラフロル,スナノケガワ,セグレイブ,ハバタクカミ
コノヨザル,セグレイブ,ドドゲザン,ハバタクカミ,ヘイラッシャ,ミミッキュ
ウルガモス,セグレイブ,テツノツツミ,ニンフィア,ヘイラッシャ,マスカーニャ
カイリュー,カバルドン,サーフゴー,テツノツツミ,ドドゲザン,ニンフィア
カイリュー,サケブシッポ,テツノツツミ,テツノドクガ,マスカーニャ,ミミッキュ
カイリュー,サーフゴー,セグレイブ,ハバタクカミ,ヘイラッシャ,マスカーニャ
アーマーガア,カイリュー,カバルドン,サーフゴー,トドロクツキ,ハバタクカミ
カイリュー,サーフゴー,セグレイブ,テツノドクガ,ドドゲザン,ヘイラッシャ
アラブルタケ,カイリュー,カバルドン,サーフゴー,ジバコイル,テツノツツミ
カイリュー,セグレイブ,テツノドクガ,ドドゲザン,ハバタクカミ,ヘイラッシャ
イダイナキバ,イルカマン,ジバコイル,セグレイブ,ハバタクカミ,モロバレル
イダイナキバ,カイリュー,キラフロル,セグレイブ,ハバタクカミ,モロバレル
ウインディ,カバルドン,サーフゴー,テツノカイナ,トドロクツキ,ハバタクカミ
カイリュー,カバルドン,サーフゴー,テツノツツミ,ハバタクカミ,マスカーニャ
カイリュー,セグレイブ,テツノツツミ,テツノドクガ,ハッサム,ミミッキュ
ガブリアス,キョジオーン,セグレイブ,ハバタクカミ,ヘイラッシャ,マスカーニャ
ウインディ,カイリュー,キラフロル,ゴチルゼル,トドロクツキ,ハバタクカミ
カイリュー,キノガッサ,キョジオーン,サーフゴー,テツノツツミ,テツノドクガ
カイリュー,コノヨザル,サーフゴー,セグレイブ,ハバタクカミ,モロバレル
アーマーガア,オドリドリ,オーロンゲ,コノヨザル,ドオー,ラウドボーン
イルカマン,カイリュー,カバルドン,サーフゴー,ジバコイル,ハバタクカミ
アラブルタケ,セグレイブ,テツノツツミ,ドドゲザン,ハバタクカミ,ミミッキュ
イダイナキバ,ウルガモス,セグレイブ,ドドゲザン,ハバタクカミ,ラウドボーン
クエスパトラ,コノヨザル,セグレイブ,ハバタクカミ,ヘイラッシャ,ミミッキュ
カイリュー,キラフロル,コノヨザル,サーフゴー,テツノツツミ,ミミッキュ
カイリュー,キョジオーン,サーフゴー,セグレイブ,ドドゲザン,ハバタクカミ
カイリュー,ガブリアス,サーフゴー,テツノツツミ,ハッサム,ミミッキュ
カイリュー,キョジオーン,サーフゴー,セグレイブ,テツノツツミ,ミミッキュ
カイリュー,ジバコイル,デカヌチャン,ハバタクカミ,ヘイラッシャ,マスカーニャ
カイリュー,ガブリアス,ハッサム,ハバタクカミ,ルカリオ,ロトム
エルレイド,カイリュー,キョジオーン,クエスパトラ,テツノツツミ,テツノドクガ
イダイナキバ,カイリュー,キョジオーン,コノヨザル,テツノツツミ,ミミッキュ
クレベース,サーフゴー,ドオー,ドヒドイデ,ヘイラッシャ,ラッキー
アラブルタケ,ウルガモス,コノヨザル,セグレイブ,テツノツツミ,ハッサム
アラブルタケ,カイリュー,コノヨザル,テツノドクガ,テツノワダチ,ハバタクカミ
カバルドン,クエスパトラ,テツノドクガ,ドドゲザン,ドラパルト,ロトム
クレベース,トリトドン,ドヒドイデ,ヘイラッシャ,ラウドボーン,ラッキー
オーロンゲ,キラフロル,サーフゴー,スコヴィラン,セグレイブ,テツノカイナ
アラブルタケ,ウルガモス,カイリュー,サーフゴー,テツノワダチ,ハバタクカミ
カイリュー,ガブリアス,コノヨザル,サーフゴー,テツノドクガ,ヘイラッシャ
ウルガモス,カイリュー,セグレイブ,ドオー,ハバタクカミ,ヘイラッシャ
カイリュー,サーフゴー,スナノケガワ,セグレイブ,テツノドクガ,ヘイラッシャ
イエッサン,ウルガモス,セグレイブ,ハバタクカミ,マスカーニャ,ルチャブル
イルカマン,エーフィ,ジバコイル,ハバタクカミ,ブラッキー,ラウドボーン
アーマーガア,カイリュー,テツノツツミ,テツノドクガ,ドドゲザン,ハバタクカミ
カイリュー,ガブリアス,サーフゴー,テツノドクガ,ドドゲザン,ロトム
カイリュー,サーフゴー,テツノツツミ,テツノブジン,ハバタクカミ,ミミッキュ
クレベース,ドオー,ドヒドイデ,ハピナス,ヘイラッシャ,ママンボウ
カイリュー,カバルドン,サザンドラ,サーフゴー,ジバコイル,ヘイラッシャ
アーマーガア,カバルドン,サーフゴー,テツノブジン,トドロクツキ,ハバタクカミ
アーマーガア,イルカマン,ガブリアス,キョジオーン,ジバコイル,ハバタクカミ
クエスパトラ,サーフゴー,セグレイブ,ハバタクカミ,ヘイラッシャ,マスカーニャ
テツノツツミ,ドドゲザン,ハッサム,ハバタクカミ,パーモット,ヘイラッシャ
イッカネズミ,テツノカイナ,テツノコウベ,ハバタクカミ,ポットデス,ロトム
カイリュー,コータス,トドロクツキ,ハバタクカミ,パーモット,ミミッキュ
イダイナキバ,キノガッサ,ジバコイル,セグレイブ,ミミッキュ,ラウドボーン
イルカマン,カバルドン,ジバコイル,セグレイブ,テツノツツミ,ハッサム
アラブルタケ,サーフゴー,テツノツツミ,テツノドクガ,ドラパルト,ハバタクカミ
カバルドン,クエスパトラ,セグレイブ,テツノツツミ,ドドゲザン,ハバタクカミ
ウルガモス,カイリュー,キョジオーン,タギングル,トドロクツキ,ハバタクカミ
ガブリアス,コノヨザル,テツノドクガ,ハッサム,ハバタクカミ,ロトム
ウルガモス,カイリュー,カバルドン,サーフゴー,テツノツツミ,ドドゲザン
カイリュー,ガブリアス,テツノドクガ,ハッサム,ハバタクカミ,ロトム
カラミンゴ,ストリンダー,セグレイブ,ソウブレイズ,テツノツツミ,ドドゲザン
コノヨザル,サーフゴー,ドラパルト,ハバタクカミ,ミミッキュ,ヤミラミ
ガブリアス,セグレイブ,ドドゲザン,ハバタクカミ,ヘイラッシャ,マスカーニャ
カイリュー,クエスパトラ,サーフゴー,テツノカイナ,ハバタクカミ,パルシェン
オーロンゲ,ガブリアス,キョジオーン,ラウドボーン,ロトム,ワタッコ
アーマーガア,エルレイド,セグレイブ,ドオー,ハバタクカミ,ロトム
セグレイブ,テツノイバラ,テツノドクガ,ドドゲザン,ハバタクカミ,ミミッキュ
カイリュー,コノヨザル,ジバコイル,セグレイブ,ハバタクカミ,ヘイラッシャ
キョジオーン,クエスパトラ,テツノドクガ,ドドゲザン,ドラパルト,ヘイラッシャ
カイリュー,コノヨザル,サーフゴー,テツノツツミ,ドドゲザン,ミミッキュ
カイリュー,コノヨザル,サーフゴー,セグレイブ,テツノツツミ,ミミッキュ
イルカマン,カイリュー,サケブシッポ,テツノカイナ,ドラパルト,モロバレル
キノガッサ,クエスパトラ,セグレイブ,ドドゲザン,ドラパルト,ミミッキュ
カイリュー,コノヨザル,ジバコイル,セグレイブ,ドドゲザン,ミミッキュ
ウルガモス,カイリュー,サーフゴー,トドロクツキ,ドンファン,ミミズズ
エーフィ,カイリュー,テツノツツミ,ドドゲザン,ミミッキュ,ロトム
クレベース,ドオー,ドヒドイデ,ハピナス,ヘイラッシャ,モロバレル
カバルドン,ギャラドス,テツノカイナ,テツノドクガ,ハバタクカミ,マスカーニャ
アーマーガア,ガブリアス,サーフゴー,スナノケガワ,テツノコウベ,マリルリ
アーマーガア,サーフゴー,テツノカイナ,テツノツツミ,ドオー,ハバタクカミ
カイリュー,サザンドラ,サーフゴー,ハバタクカミ,ヘイラッシャ,ヘラクロス
アラブルタケ,クエスパトラ,コノヨザル,セグレイブ,デカヌチャン,ハバタクカミ
カイリュー,コノヨザル,セグレイブ,テツノツツミ,テツノドクガ,ハバタクカミ
カイリュー,カバルドン,テツノツツミ,テツノブジン,ドドゲザン,ハバタクカミ
アーマーガア,キノガッサ,セグレイブ,ハバタクカミ,ハピナス,ヘイラッシャ
カイリュー,サーフゴー,ジバコイル,ドオー,ブラッキー,マスカーニャ
ウルガモス,コノヨザル,テツノツツミ,トドロクツキ,ドラパルト,ニンフィア
カバルドン,サーフゴー,ジバコイル,テツノツツミ,トドロクツキ,マスカーニャ
カイリュー,クエスパトラ,サーフゴー,セグレイブ,テツノツツミ,ハバタクカミ
アーマーガア,カバルドン,テツノツツミ,トドロクツキ,ドドゲザン,ハバタクカミ
キノガッサ,クエスパトラ,ゲンガー,ドドゲザン,マリルリ,ミミッキュ
アーマーガア,カイリュー,クエスパトラ,コノヨザル,テツノツツミ,ロトム
カイリュー,トリトドン,ハバタクカミ,ベトベトン,マリルリ,ラウドボーン
サーフゴー,セグレイブ,テツノドクガ,ハバタクカミ,パーモット,ヘイラッシャ
カイリュー,カバルドン,テツノツツミ,ドドゲザン,ハバタクカミ,マスカーニャ
アーマーガア,ウェーニバル,セグレイブ,ハバタクカミ,ハラバリー,ラウドボーン
アラブルタケ,カイリュー,コノヨザル,サーフゴー,ジバコイル,テツノツツミ
カイリュー,サーフゴー,ソウブレイズ,テツノツツミ,ハラバリー,マスカーニャ
キノガッサ,サーフゴー,セグレイブ,ハバタクカミ,ヘイラッシャ,ミミッキュ
アラブルタケ,コノヨザル,テツノツツミ,トドロクツキ,ハバタクカミ,ヘイラッシャ
カバルドン,キョジオーン,テツノドクガ,トドロクツキ,ドドゲザン,ハバタクカミ
セグレイブ,テツノカイナ,テツノコウベ,デカヌチャン,ハバタクカミ,バンバドロ
ウルガモス,カイリュー,コノヨザル,テツノツツミ,トドロクツキ,マリルリ
イルカマン,カイリュー,ガブリアス,ドドゲザン,ハバタクカミ,ユキノオー
カイリュー,カバルドン,サーフゴー,セグレイブ,ドドゲザン,ハバタクカミ
イルカマン,コノヨザル,サザンドラ,ハバタクカミ,ハラバリー,ロトム
カイリュー,キョジオーン,テツノドクガ,ドドゲザン,ハバタクカミ,ヘイラッシャ
カイリュー,カバルドン,テツノドクガ,ドドゲザン,ハバタクカミ,マスカーニャ
カバルドン,ガブリアス,ジバコイル,ドドゲザン,ハバタクカミ,マスカーニャ
カイリュー,クエスパトラ,ドドゲザン,ハバタクカミ,マスカーニャ,ロトム
カイリュー,コノヨザル,ジバコイル,セグレイブ,テツノツツミ,マスカーニャ
ギャラドス,クエスパトラ,セグレイブ,テツノドクガ,ハバタクカミ,パーモット
アーマーガア,テツノツツミ,トドロクツキ,ナマズン,ハバタクカミ,ラウドボーン
ソウブレイズ,テツノツツミ,トドロクツキ,ハバタクカミ,マスカーニャ,ロトム
イダイナキバ,カイリュー,グレンアルマ,サーフゴー,テツノドクガ,ロトム
カイリュー,カバルドン,キノガッサ,テツノツツミ,ドドゲザン,ハバタクカミ
アーマーガア,キョジオーン,セグレイブ,テツノツツミ,トドロクツキ,ハバタクカミ
カイリュー,ガブリアス,テツノドクガ,ドドゲザン,ハバタクカミ,ヘイラッシャ
カイリュー,キノガッサ,クエスパトラ,テツノドクガ,テツノブジン,ドドゲザン
イルカマン,カイリュー,ガブリアス,ジバコイル,ニンフィア,ハバタクカミ
アーマーガア,カイリュー,コータス,サーフゴー,トドロクツキ,ハバタクカミ
クレベース,ゴチルゼル,ドヒドイデ,ハピナス,ヘイラッシャ,ラウドボーン
イダイナキバ,サーフゴー,セグレイブ,テツノカイナ,テツノドクガ,ミミッキュ
カイリュー,キラフロル,テツノツツミ,トドロクツキ,ハバタクカミ,ロトム
カイリュー,コノヨザル,ジバコイル,テツノツツミ,ハバタクカミ,ヘイラッシャ
ウルガモス,クエスパトラ,クレッフィ,コノヨザル,ドドゲザン,ハバタクカミ
イダイナキバ,カイリュー,ジバコイル,テツノブジン,ドラパルト,ヘイラッシャ
カイリュー,コノヨザル,サーフゴー,ジバコイル,セグレイブ,ミミッキュ
クレベース,ドオー,ドヒドイデ,ハピナス,ヘイラッシャ,ラウドボーン
アーマーガア,キョジオーン,セグレイブ,テツノカイナ,テツノツツミ,ハバタクカミ
キョジオーン,コノヨザル,セグレイブ,テツノツツミ,ドラパルト,ヘイラッシャ
アーマーガア,イダイナキバ,セグレイブ,ドドゲザン,ハバタクカミ,ヤドキング
カイリュー,サーフゴー,セグレイブ,テツノドクガ,ヘイラッシャ,ミミッキュ
ガブリアス,ソウブレイズ,ハッサム,マスカーニャ,ミミッキュ,ロトム
アーマーガア,キョジオーン,ジバコイル,テツノツツミ,テツノドクガ,ドドゲザン
ウルガモス,カイリュー,キョジオーン,サザンドラ,ハバタクカミ,ブロロローム
イダイナキバ,ギャラドス,デカヌチャン,ハバタクカミ,ブリムオン,ラウドボーン
ジバコイル,テツノツツミ,トドロクツキ,ハピナス,ユキノオー,ラウドボーン
ウェーニバル,カイリュー,ジバコイル,セグレイブ,ハバタクカミ,モロバレル
ウェーニバル,コノヨザル,ハバタクカミ,マスカーニャ,ミミッキュ,ヤミラミ
アーマーガア,イルカマン,クエスパトラ,ハバタクカミ,ハラバリー,ペリッパー
カイリュー,ガブリアス,ジバコイル,テツノドクガ,ブラッキー,ワタッコ
アラブルタケ,クエスパトラ,サーフゴー,セグレイブ,ハッサム,ハバタクカミ
アラブルタケ,オーロンゲ,テツノコウベ,トドロクツキ,ドドゲザン,バンギラス
カイリュー,サーフゴー,ドオー,ハバタクカミ,パオジアン,ロトム
アーマーガア,キノガッサ,キョジオーン,テツノカイナ,ハバタクカミ,パオジアン
イルカマン,サーフゴー,チオンジェン,テツノツツミ,テツノドクガ,パオジアン
イーユイ,カイリュー,カバルドン,サーフゴー,テツノツツミ,ミミッキュ
カイリュー,キョジオーン,テツノドクガ,ディンルー,ハバタクカミ,パオジアン
イダイナキバ,イーユイ,セグレイブ,テツノドクガ,ハバタクカミ,ヘイラッシャ
カイリュー,ジバコイル,テツノドクガ,ドラパルト,パオジアン,ヘイラッシャ
カイリュー,キョジオーン,サーフゴー,ディンルー,パオジアン,ミミッキュ
カイリュー,サーフゴー,テツノドクガ,ディンルー,ハバタクカミ,パオジアン
ガブリアス,テツノドクガ,パオジアン,ミミッキュ,ルカリオ,ロトム
イーユイ,カイリュー,カバルドン,サーフゴー,ミミッキュ,ロトム
サーフゴー,ジバコイル,ディンルー,ハバタクカミ,パオジアン,ヘイラッシャ
アラブルタケ,イダイナキバ,カイリュー,コータス,サーナイト,パオジアン
イダイナキバ,カイリュー,カバルドン,サーフゴー,テツノツツミ,パオジアン
ウインディ,オリーヴァ,サーフゴー,トドロクツキ,ドオー,パオジアン
イダイナキバ,イルカマン,カイリュー,チオンジェン,ハッサム,マスカーニャ
カイリュー,サーフゴー,チオンジェン,テツノドクガ,ディンルー,ハバタクカミ
カイリュー,サーフゴー,テツノツツミ,テツノドクガ,ディンルー,ミミッキュ
イーユイ,カイリュー,サーフゴー,ディンルー,ハバタクカミ,パオジアン
カイリュー,サーフゴー,テツノツツミ,ディンルー,パオジアン,ヘイラッシャ
カイリュー,ゴチルゼル,ドオー,ドヒドイデ,ハピナス,ヘイラッシャ
ウルガモス,カイリュー,サーフゴー,ドオー,パオジアン,ロトム
キョジオーン,サーフゴー,チオンジェン,ディンルー,ハバタクカミ,ミミッキュ
サーフゴー,ジバコイル,ディンルー,トドロクツキ,ハバタクカミ,ヘイラッシャ
カイリュー,サーフゴー,ディンルー,ドドゲザン,ニンフィア,ロトム
カイリュー,ガブリアス,キョジオーン,テツノドクガ,ハッサム,ハバタクカミ
イーユイ,カイリュー,ガブリアス,サーフゴー,ハバタクカミ,ヘイラッシャ
イーユイ,サザンドラ,ドドゲザン,ハッサム,ハバタクカミ,ミミッキュ
ガブリアス,チオンジェン,テツノカイナ,テツノドクガ,ディンルー,ハバタクカミ
イーユイ,キノガッサ,サーフゴー,パルシェン,マリルリ,リククラゲ
カイリュー,サーフゴー,テツノツツミ,テツノドクガ,ディンルー,ハバタクカミ
イーユイ,カイリュー,サーフゴー,ディンルー,ハバタクカミ,ヘイラッシャ
ケンタロス,サーフゴー,チオンジェン,ディンルー,ハバタクカミ,マリルリ
ウインディ,ギャラドス,クエスパトラ,タルップル,ディンルー,ハバタクカミ
イーユイ,カイリュー,ソウブレイズ,テツノツツミ,ディンルー,ミミッキュ
イーユイ,カイリュー,キラフロル,サーフゴー,テツノカイナ,ヘイラッシャ
イダイナキバ,イーユイ,カイリュー,ドドゲザン,ハバタクカミ,ヘイラッシャ
カイリュー,サーフゴー,ドオー,パオジアン,マリルリ,ロトム
イダイナキバ,ウルガモス,カイリュー,キラフロル,サーナイト,ハバタクカミ
イーユイ,サーフゴー,テツノカイナ,ドオー,ハバタクカミ,ロトム
イーユイ,カイリュー,キョジオーン,サーフゴー,ドオー,ハバタクカミ
カイリュー,コノヨザル,テツノドクガ,ディンルー,ハバタクカミ,ヘイラッシャ
イーユイ,カイリュー,キノガッサ,ディンルー,ハバタクカミ,ミミッキュ
カイリュー,キノガッサ,サーフゴー,ディンルー,パオジアン,ミミッキュ
イダイナキバ,サケブシッポ,テツノツツミ,テツノドクガ,パオジアン,モロバレル
イダイナキバ,カイリュー,コノヨザル,テツノドクガ,ドドゲザン,ハバタクカミ
アーマーガア,カイリュー,テツノツツミ,テツノドクガ,ディンルー,ハバタクカミ
カイリュー,サーフゴー,ディンルー,ハッサム,ハバタクカミ,ヘイラッシャ
イダイナキバ,サザンドラ,セグレイブ,ハバタクカミ,ヘイラッシャ,ミミッキュ
カイリュー,コノヨザル,テツノカイナ,テツノツツミ,パオジアン,ミミッキュ
サーフゴー,テツノツツミ,ディンルー,ハピナス,ヘイラッシャ,ミミズズ
ガブリアス,サーナイト,サーフゴー,ハバタクカミ,パオジアン,ヘイラッシャ
カイリュー,テツノツツミ,テツノドクガ,ニンフィア,パオジアン,ミミッキュ
イーユイ,カイリュー,クエスパトラ,テツノツツミ,デカヌチャン,ビビヨン
カバルドン,テツノカイナ,テツノドクガ,ハバタクカミ,パオジアン,ロトム
ウルガモス,カイリュー,ガブリアス,サーフゴー,ハバタクカミ,パオジアン
イーユイ,カイリュー,コノヨザル,サーフゴー,ディンルー,ハバタクカミ
ウェーニバル,カイリュー,キノガッサ,スナノケガワ,ハバタクカミ,ミミッキュ
カイリュー,テツノツツミ,テツノドクガ,ディンルー,ハバタクカミ,ミミッキュ
イーユイ,カイリュー,キノガッサ,スナノケガワ,ハッサム,ミミッキュ
ウルガモス,カイリュー,キョジオーン,テツノツツミ,ドオー,ミミッキュ
ガブリアス,キラフロル,チオンジェン,テツノツツミ,ハバタクカミ,ロトム
カイリュー,サーフゴー,セグレイブ,ドオー,ハバタクカミ,ヘイラッシャ
カイリュー,キノガッサ,ハッサム,ハバタクカミ,ルカリオ,ロトム
イダイナキバ,カイリュー,コノヨザル,サーフゴー,チオンジェン,テツノツツミ
クレベース,サーフゴー,ドヒドイデ,ヘイラッシャ,モロバレル,ラッキー
イダイナキバ,ウルガモス,カイリュー,キラフロル,コノヨザル,ハバタクカミ
イーユイ,カイリュー,カバルドン,テツノカイナ,テツノツツミ,ミミッキュ
カイリュー,セグレイブ,テツノツツミ,ドドゲザン,ハバタクカミ,ヘイラッシャ
ウェーニバル,カイリュー,サーフゴー,セグレイブ,ハバタクカミ,パオジアン
カイリュー,サーフゴー,ディンルー,パオジアン,ヘイラッシャ,モロバレル
カイリュー,テツノドクガ,ディンルー,ハバタクカミ,ヘイラッシャ,ミミッキュ
カイリュー,サーフゴー,ディンルー,ハバタクカミ,パオジアン,ロトム
カイリュー,サーフゴー,テツノツツミ,ディンルー,パオジアン,ミミッキュ
クレベース,ゴチルゼル,サーフゴー,ドヒドイデ,ヘイラッシャ,ラッキー
カイリュー,キラフロル,テツノツツミ,ディンルー,ハッサム,ミミッキュ
ウインディ,オリーヴァ,カイリュー,サーフゴー,ハバタクカミ,パオジアン
イーユイ,カイリュー,キノガッサ,キョジオーン,ハバタクカミ,ロトム
カイリュー,サーナイト,サーフゴー,テツノツツミ,ディンルー,ミミッキュ
ウルガモス,カイリュー,コノヨザル,ジバコイル,テツノツツミ,マリルリ
カイリュー,キョジオーン,サーフゴー,ハバタクカミ,パオジアン,ヘイラッシャ
チオンジェン,テツノドクガ,ディンルー,ハッサム,ハバタクカミ,ロトム
イーユイ,ウェーニバル,キラフロル,サーフゴー,ハバタクカミ,ラウドボーン
アーマーガア,イーユイ,エルレイド,テツノカイナ,パオジアン,ミミッキュ
イーユイ,サーフゴー,テツノカイナ,トドロクツキ,ハバタクカミ,ロトム
ウインディ,テツノカイナ,テツノドクガ,ディンルー,ハバタクカミ,パオジアン
イーユイ,カイリュー,キノガッサ,テツノコウベ,ヘイラッシャ,ミミッキュ
イーユイ,ガブリアス,クレベース,ドオー,フラージェス,ヘイラッシャ
カイリュー,サーフゴー,テツノドクガ,ディンルー,パオジアン,マリルリ
カイリュー,テツノカイナ,テツノドクガ,ハバタクカミ,パオジアン,ヘイラッシャ
アーマーガア,サーフゴー,ディンルー,ドラパルト,ハピナス,ヘイラッシャ
クレベース,ドオー,ドヒドイデ,ヘイラッシャ,モロバレル,ラッキー
カイリュー,チオンジェン,テツノドクガ,ディンルー,ハバタクカミ,ロトム
カイリュー,キノガッサ,キョジオーン,サーフゴー,テツノドクガ,ミミッキュ
カイリュー,コータス,ハバタクカミ,パオジアン,パーモット,ミミッキュ
カイリュー,サーフゴー,テツノツツミ,ディンルー,ミミッキュ,ルカリオ
カイリュー,ガブリアス,ゲンガー,チオンジェン,ハバタクカミ,パオジアン
カイリュー,チオンジェン,テツノワダチ,ハバタクカミ,パオジアン,マリルリ
カイリュー,キラフロル,サーフゴー,テツノツツミ,ディンルー,ミミッキュ
カイリュー,ガブリアス,キョジオーン,テツノツツミ,テツノドクガ,マスカーニャ
イーユイ,カイリュー,テツノカイナ,テツノドクガ,パオジアン,ミミッキュ
カイリュー,カバルドン,サーフゴー,テツノツツミ,パオジアン,ミミッキュ
カイリュー,キラフロル,ハバタクカミ,パオジアン,パーモット,ミミッキュ
キノガッサ,テツノツツミ,テツノドクガ,デカヌチャン,トドロクツキ,ミミッキュ
イーユイ,テツノカイナ,ディンルー,ハッサム,ハバタクカミ,ロトム
カイリュー,チオンジェン,テツノドクガ,ディンルー,ハッサム,ハバタクカミ
イダイナキバ,カイリュー,キョジオーン,サーフゴー,ハバタクカミ,ロトム
コノヨザル,サーフゴー,チオンジェン,テツノドクガ,トドロクツキ,バンギラス
イーユイ,キラフロル,サーフゴー,テツノツツミ,ディンルー,トドロクツキ
イーユイ,ガブリアス,コノヨザル,ドラパルト,ハッサム,ロトム
カイリュー,サーフゴー,セグレイブ,テツノツツミ,ハバタクカミ,ヘイラッシャ
ガブリアス,サザンドラ,テツノツツミ,テツノドクガ,ハッサム,ミミッキュ
イーユイ,カイリュー,キノガッサ,サーフゴー,ディンルー,ミミッキュ
カイリュー,キノガッサ,サーフゴー,テツノドクガ,ディンルー,パオジアン
カイリュー,ディンルー,ハバタクカミ,パオジアン,モロバレル,ロトム
カイリュー,クレベース,サーフゴー,ディンルー,ハバタクカミ,ハピナス
カイリュー,サーフゴー,テツノツツミ,ディンルー,ハバタクカミ,パオジアン
イーユイ,カバルドン,サーフゴー,テツノツツミ,テツノブジン,トドロクツキ
カイリュー,キノガッサ,サーフゴー,セグレイブ,テツノドクガ,ミミッキュ
オーロンゲ,ガブリアス,サーフゴー,テツノドクガ,ロトム,ワタッコ
アーマーガア,テツノドクガ,ディンルー,ドラパルト,ハバタクカミ,ヘイラッシャ
イーユイ,カイリュー,ハッサム,ハバタクカミ,パオジアン,ロトム
ウルガモス,カイリュー,キョジオーン,クエスパトラ,サーフゴー,パオジアン
ウルガモス,カイリュー,サーフゴー,ディンルー,ハバタクカミ,ミミッキュ
イダイナキバ,イーユイ,カイリュー,キョジオーン,チオンジェン,ハバタクカミ
カイリュー,キノガッサ,サーフゴー,セグレイブ,ハバタクカミ,パオジアン
カバルドン,サーフゴー,トドロクツキ,ドドゲザン,ドラパルト,パオジアン
イダイナキバ,カイリュー,キョジオーン,サーフゴー,ハバタクカミ,ミミッキュ
イダイナキバ,ウルガモス,カイリュー,コノヨザル,サーフゴー,ハバタクカミ
ウルガモス,ガブリアス,サザンドラ,サーフゴー,ハバタクカミ,ミミッキュ
サーフゴー,セグレイブ,テツノツツミ,ハバタクカミ,ヘイラッシャ,ミミッキュ
ガブリアス,ハバタクカミ,マリルリ,モロバレル,ルカリオ,ロトム
キノガッサ,クレベース,サーフゴー,ディンルー,ドヒドイデ,ラッキー
カイリュー,コノヨザル,サーフゴー,ディンルー,パオジアン,ヘイラッシャ
アーマーガア,イーユイ,セグレイブ,テツノブジン,ディンルー,モロバレル
イーユイ,カイリュー,コノヨザル,テツノカイナ,ハバタクカミ,マリルリ
ウルガモス,カイリュー,サーフゴー,ハバタクカミ,パオジアン,ユキノオー
イーユイ,コノヨザル,サーフゴー,ディンルー,ハバタクカミ,ミミッキュ
カイリュー,キョジオーン,テツノドクガ,トドロクツキ,ハルクジラ,ユキノオー
キノガッサ,クレベース,サーフゴー,ドオー,ドヒドイデ,ハピナス
カイリュー,サダイジャ,スコヴィラン,テツノツツミ,ハリテヤマ,ミミッキュ
カイリュー,サーフゴー,セグレイブ,チオンジェン,テツノドクガ,ミミッキュ
イーユイ,カイリュー,ディンルー,ハバタクカミ,パオジアン,ミミッキュ
カイリュー,コノヨザル,サーフゴー,ハッサム,ハバタクカミ,ミミッキュ
カイリュー,サーフゴー,テツノカイナ,テツノドクガ,パオジアン,ミミッキュ
エルレイド,カイリュー,サーフゴー,テツノツツミ,ディンルー,ニンフィア
イーユイ,カイリュー,テツノツツミ,ディンルー,パオジアン,ヘイラッシャ
カイリュー,コノヨザル,テツノツツミ,テツノドクガ,ディンルー,ミミッキュ
イダイナキバ,カイリュー,サーフゴー,セグレイブ,ハバタクカミ,ヘイラッシャ
サーフゴー,テツノツツミ,ディンルー,ニンフィア,パオジアン,ヘイラッシャ
コノヨザル,サーフゴー,ディンルー,ハッサム,ハバタクカミ,パオジアン
サーフゴー,セグレイブ,ディンルー,ハバタクカミ,ヘイラッシャ,マスカーニャ
イルカマン,サーフゴー,ディンルー,ハッサム,ハバタクカミ,ロトム
カイリュー,サーフゴー,テツノツツミ,テツノドクガ,ディンルー,ロトム
カイリュー,サーフゴー,テツノツツミ,ディンルー,ハバタクカミ,ヘイラッシャ
アーマーガア,サーフゴー,ドヒドイデ,ヘイラッシャ,モロバレル,ラッキー
イダイナキバ,カイリュー,サーフゴー,テツノツツミ,パオジアン,ミミッキュ
カイリュー,チオンジェン,テツノドクガ,ハッサム,ヘイラッシャ,モトトカゲ
イダイナキバ,イーユイ,サーフゴー,セグレイブ,ハバタクカミ,ヘイラッシャ
イーユイ,シビルドン,ハバタクカミ,パルシェン,マリルリ,モロバレル
ウルガモス,カイリュー,コノヨザル,テツノツツミ,パオジアン,ミミッキュ
ガブリアス,コノヨザル,チオンジェン,テツノドクガ,ディンルー,ミミッキュ
イダイナキバ,イーユイ,キョジオーン,マリルリ,ミミッキュ,ロトム
カイリュー,キョジオーン,ディンルー,ドヒドイデ,ヘイラッシャ,ラッキー
ウインディ,カイリュー,ディンルー,ハバタクカミ,パオジアン,モロバレル
ガブリアス,コノヨザル,テツノツツミ,ドドゲザン,ハバタクカミ,ロトム
イーユイ,カイリュー,ガブリアス,キョジオーン,ハバタクカミ,ムウマージ
ウインディ,キラフロル,コノヨザル,サーフゴー,トドロクツキ,ミミッキュ
カイリュー,コノヨザル,サーフゴー,テツノカイナ,ハバタクカミ,パオジアン
カイリュー,サーフゴー,セグレイブ,ディンルー,ハバタクカミ,パオジアン
カイリュー,セグレイブ,テツノドクガ,ハバタクカミ,バンギラス,ヘイラッシャ
カイリュー,サーフゴー,ディンルー,ハバタクカミ,パオジアン,ミミッキュ
イダイナキバ,カイリュー,テツノドクガ,ハバタクカミ,パオジアン,ミミッキュ
キノガッサ,ディンルー,ハバタクカミ,ヘイラッシャ,ミミッキュ,ラウドボーン
サーフゴー,テツノカイナ,テツノツツミ,ドドゲザン,パオジアン,ラウドボーン
イーユイ,コノヨザル,ハッサム,ハバタクカミ,パオジアン,ヘイラッシャ
コノヨザル,テツノカイナ,テツノドクガ,ハバタクカミ,パオジアン,ロトム
カイリュー,サーフゴー,テツノドクガ,ディンルー,ハバタクカミ,ヘイラッシャ
カイリュー,キノガッサ,テツノドクガ,ディンルー,ハバタクカミ,パルシェン
カイリュー,サーフゴー,テツノカイナ,テツノドクガ,ハバタクカミ,ヘイラッシャ
イーユイ,カイリュー,ガブリアス,コノヨザル,テツノツツミ,ミミッキュ
アーマーガア,キョジオーン,サーフゴー,ドオー,ドヒドイデ,マスカーニャ
イーユイ,カイリュー,キョジオーン,サーフゴー,ディンルー,ハバタクカミ
イーユイ,カイリュー,キラフロル,テツノツツミ,ハッサム,ハバタクカミ
カイリュー,キョジオーン,サーフゴー,ハバタクカミ,ミミッキュ,ロトム
イーユイ,カイリュー,コノヨザル,チオンジェン,ドドゲザン,ハバタクカミ
カイリュー,チオンジェン,テツノドクガ,テツノワダチ,ハバタクカミ,パオジアン
カイリュー,キラフロル,テツノカイナ,ディンルー,ハバタクカミ,マリルリ
カイリュー,カバルドン,サーフゴー,トドロクツキ,ハッサム,パオジアン
イーユイ,セグレイブ,トドロクツキ,ハッサム,ハバタクカミ,ロトム
キノガッサ,サーナイト,サーフゴー,テツノワダチ,ミミッキュ,ルガルガン
カイリュー,キラフロル,サーフゴー,セグレイブ,ディンルー,マリルリ
コノヨザル,テツノツツミ,ディンルー,ハバタクカミ,パオジアン,ミミッキュ
カイリュー,キョジオーン,サーフゴー,テツノドクガ,パオジアン,ロトム
ウルガモス,カイリュー,サーフゴー,ディンルー,ハバタクカミ,パオジアン
アーマーガア,イダイナキバ,カイリュー,ソウブレイズ,テツノツツミ,ハバタクカミ
ガブリアス,テツノツツミ,テツノブジン,ドドゲザン,ハバタクカミ,ヘイラッシャ
イーユイ,カイリュー,ハバタクカミ,パオジアン,ヘイラッシャ,モロバレル
イルカマン,カイリュー,キョジオーン,サーフゴー,テツノドクガ,ディンルー
ウインディ,サーフゴー,ディンルー,ハバタクカミ,パオジアン,ロトム
カイリュー,テツノカイナ,テツノツツミ,ハッサム,ハバタクカミ,マスカーニャ
アーマーガア,ガブリアス,チオンジェン,テツノカイナ,テツノドクガ,ハバタクカミ
チオンジェン,テツノカイナ,テツノドクガ,ハバタクカミ,パオジアン,ミミッキュ
イダイナキバ,オリーヴァ,カイリュー,ハバタクカミ,パオジアン,ヘイラッシャ
イーユイ,ディンルー,ハバタクカミ,パオジアン,ヘイラッシャ,モロバレル
ガブリアス,キノガッサ,キョジオーン,ハバタクカミ,ミミッキュ,ロトム
イダイナキバ,イーユイ,カイリュー,サーフゴー,テツノカイナ,ヘイラッシャ
アーマーガア,カイリュー,サーフゴー,テツノツツミ,ディンルー,ミミッキュ
イーユイ,カイリュー,ガブリアス,ハッサム,ハバタクカミ,ヘイラッシャ
イーユイ,チオンジェン,テツノツツミ,ドヒドイデ,ハバタクカミ,パオジアン
イーユイ,テツノカイナ,ドヒドイデ,ハバタクカミ,パオジアン,ミミズズ
クレベース,サーフゴー,ドヒドイデ,ハピナス,ヘイラッシャ,ラッキー
イルカマン,カイリュー,スナノケガワ,テツノツツミ,ハッサム,マスカーニャ
イーユイ,カイリュー,サーフゴー,デカヌチャン,ブラッキー,マスカーニャ
イーユイ,テツノツツミ,トドロクツキ,ミミッキュ,モロバレル,ロトム
イーユイ,カイリュー,キノガッサ,サーフゴー,ドドゲザン,ミミッキュ
イーユイ,サーフゴー,ディンルー,ハバタクカミ,パオジアン,ヘイラッシャ
イダイナキバ,イーユイ,セグレイブ,ディンルー,ハバタクカミ,ヘイラッシャ
イーユイ,カイリュー,ドオー,ドヒドイデ,ハバタクカミ,ヘイラッシャ
イーユイ,カイリュー,ドオー,ドドゲザン,ドヒドイデ,ヘイラッシャ
アラブルタケ,イーユイ,コノヨザル,ハッサム,ハバタクカミ,ミミッキュ
サーフゴー,ディンルー,ハッサム,ハバタクカミ,パオジアン,ロトム
イダイナキバ,イーユイ,テツノカイナ,ハバタクカミ,パオジアン,ミミッキュ
イーユイ,カイリュー,サーフゴー,ディンルー,ニンフィア,ミミッキュ
イダイナキバ,イルカマン,イーユイ,カイリュー,ハッサム,ハバタクカミ
ウルガモス,カイリュー,テツノツツミ,ドラパルト,ハッサム,マスカーニャ
イーユイ,カイリュー,セグレイブ,チオンジェン,テツノツツミ,ドヒドイデ
カイリュー,ディンルー,ハバタクカミ,パオジアン,ヘイラッシャ,ミミッキュ
イーユイ,キノガッサ,テツノツツミ,ディンルー,パオジアン,ミミッキュ
イーユイ,カイリュー,キノガッサ,ハバタクカミ,パオジアン,ロトム
アーマーガア,イーユイ,キョジオーン,ハバタクカミ,マスカーニャ,マリルリ
サーフゴー,テツノカイナ,テツノブジン,ハバタクカミ,パオジアン,ヘイラッシャ
イダイナキバ,ウルガモス,カイリュー,テツノツツミ,ディンルー,パオジアン
イーユイ,カイリュー,キョジオーン,キラフロル,チオンジェン,ハバタクカミ
カイリュー,ジバコイル,テツノドクガ,ディンルー,ハバタクカミ,パオジアン
カイリュー,キョジオーン,ゴーゴート,ディンルー,ドヒドイデ,ハバタクカミ
カイリュー,キョジオーン,テツノドクガ,ハバタクカミ,パオジアン,ミミッキュ
イーユイ,カイリュー,ディンルー,ハバタクカミ,マスカーニャ,ロトム
イルカマン,イーユイ,カイリュー,スナノケガワ,テツノツツミ,ハッサム
カイリュー,ガブリアス,サーフゴー,チオンジェン,ディンルー,パオジアン
イーユイ,カイリュー,カバルドン,テツノツツミ,ハバタクカミ,モロバレル
イーユイ,ガブリアス,クレベース,ドオー,ハピナス,ヘイラッシャ
ガブリアス,キノガッサ,ハッサム,ハバタクカミ,ルカリオ,ロトム
カイリュー,カバルドン,テツノカイナ,テツノツツミ,ハバタクカミ,パオジアン
アーマーガア,イルカマン,サーフゴー,テツノツツミ,テツノドクガ,ディンルー
イーユイ,エルレイド,コノヨザル,テツノツツミ,パーモット,ミミズズ
アーマーガア,イーユイ,カイリュー,サーフゴー,ディンルー,マリルリ
ディンルー,ドラパルト,ハバタクカミ,パオジアン,ミミッキュ,ロトム
ウルガモス,サーフゴー,テツノツツミ,ディンルー,ハバタクカミ,パオジアン
イーユイ,カイリュー,サーフゴー,ディンルー,ハバタクカミ,モロバレル
サーフゴー,ドオー,ドヒドイデ,ハピナス,ヘイラッシャ,モロバレル
イダイナキバ,イーユイ,ディンルー,ハバタクカミ,ヘイラッシャ,モロバレル
ウェーニバル,セグレイブ,チオンジェン,テツノドクガ,ハバタクカミ,ヘイラッシャ
コノヨザル,チオンジェン,テツノドクガ,ディンルー,ハバタクカミ,パオジアン
イーユイ,カイリュー,カバルドン,サーフゴー,ドヒドイデ,マリルリ
アーマーガア,ガブリアス,サーフゴー,テツノツツミ,ディンルー,ハバタクカミ
セグレイブ,チオンジェン,テツノツツミ,テツノドクガ,ハッサム,ハバタクカミ
イーユイ,サーフゴー,ディンルー,パオジアン,ミミッキュ,ロトム
カイリュー,ガブリアス,キラフロル,サーフゴー,テツノツツミ,ミミッキュ
カイリュー,ガブリアス,サーフゴー,テツノツツミ,ハバタクカミ,ミミッキュ
イーユイ,カイリュー,キノガッサ,ハバタクカミ,パオジアン,ミミッキュ
アーマーガア,イーユイ,ドヒドイデ,ハバタクカミ,パオジアン,リククラゲ
イーユイ,カイリュー,キノガッサ,ドオー,ドドゲザン,ヘイラッシャ
イルカマン,カバルドン,ハバタクカミ,パオジアン,モロバレル,ロトム
イーユイ,チャーレム,テツノカイナ,テツノドクガ,ミミッキュ,ロトム
カイリュー,カバルドン,サーフゴー,ドラパルト,パオジアン,ヘイラッシャ
ガブリアス,テツノツツミ,ドドゲザン,ニンフィア,パオジアン,ロトム
アラブルタケ,カイリュー,コノヨザル,テツノツツミ,テツノドクガ,ハバタクカミ
ガブリアス,キラフロル,チオンジェン,テツノツツミ,ハバタクカミ,パオジアン
テツノカイナ,テツノドクガ,ディンルー,ハッサム,ハバタクカミ,ロトム
イダイナキバ,イーユイ,セグレイブ,テツノツツミ,ハバタクカミ,ヘイラッシャ
アーマーガア,イーユイ,テツノカイナ,ハバタクカミ,パオジアン,ロトム
アーマーガア,イーユイ,エーフィ,オドリドリ,オーロンゲ,サーフゴー
イダイナキバ,セグレイブ,テツノツツミ,テツノドクガ,ミミッキュ,ロトム
カイリュー,キョジオーン,テツノドクガ,マスカーニャ,ヤドキング,ヤドラン
セグレイブ,ディンルー,ハバタクカミ,パオジアン,モロバレル,ロトム
ガブリアス,チオンジェン,テツノカイナ,テツノドクガ,ハバタクカミ,ロトム
アラブルタケ,カイリュー,セグレイブ,テツノドクガ,ハバタクカミ,ヘイラッシャ
イーユイ,セグレイブ,テツノドクガ,ディンルー,ハバタクカミ,ヘイラッシャ
ウルガモス,カイリュー,テツノツツミ,ディンルー,ハバタクカミ,パオジアン
カイリュー,ガブリアス,チオンジェン,テツノツツミ,テツノドクガ,ハバタクカミ
カイリュー,コノヨザル,ジバコイル,ハバタクカミ,パオジアン,ヘイラッシャ
イダイナキバ,カイリュー,テツノドクガ,ハバタクカミ,パオジアン,ヘイラッシャ
コノヨザル,テツノブジン,ハッサム,ハバタクカミ,パオジアン,ロトム
イーユイ,セグレイブ,ハッサム,ハバタクカミ,パオジアン,ミミッキュ
アーマーガア,ガブリアス,キノガッサ,コータス,ハバタクカミ,パオジアン
アーマーガア,イーユイ,ガブリアス,チオンジェン,テツノツツミ,ハバタクカミ
イダイナキバ,オリーヴァ,ケンタロス,サーフゴー,テツノドクガ,バンギラス
イルカマン,イーユイ,カイリュー,ハッサム,ハバタクカミ,ロトム
イーユイ,キノガッサ,サーフゴー,テツノツツミ,ディンルー,ミミッキュ
イーユイ,ウェーニバル,カイリュー,サーフゴー,セグレイブ,モロバレル
アラブルタケ,カイリュー,カバルドン,サーフゴー,テツノドクガ,パオジアン
アーマーガア,ケンタロス,ドオー,ハバタクカミ,パオジアン,ロトム
ウェーニバル,テツノツツミ,ドヒドイデ,ヘイラッシャ,ヤドキング,ロトム
ゴチルゼル,ドヒドイデ,パオジアン,ヘイラッシャ,モロバレル,ラッキー
カイリュー,カバルドン,サーフゴー,テツノツツミ,テツノドクガ,ミミッキュ
イルカマン,ウインディ,ジバコイル,テツノカイナ,ディンルー,ハバタクカミ
イーユイ,サーナイト,サーフゴー,ディンルー,ミミッキュ,ロトム
チオンジェン,テツノドクガ,ディンルー,ハバタクカミ,パオジアン,ロトム
カイリュー,サーフゴー,テツノツツミ,ディンルー,ミミッキュ,ロトム
イーユイ,カイリュー,ガブリアス,キョジオーン,マスカーニャ,ロトム
カイリュー,キラフロル,テツノツツミ,ディンルー,パオジアン,ミミッキュ
イーユイ,カイリュー,サーフゴー,テツノカイナ,パオジアン,ミミッキュ
アーマーガア,キョジオーン,テツノドクガ,ディンルー,ハバタクカミ,パオジアン
アーマーガア,イーユイ,ガブリアス,キョジオーン,テツノカイナ,テツノツツミ
イッカネズミ,テツノカイナ,テツノコウベ,ディンルー,ハバタクカミ,ポットデス
ガブリアス,キノガッサ,ハッサム,ハバタクカミ,パオジアン,ロトム
イダイナキバ,ウルガモス,キノガッサ,セグレイブ,ハバタクカミ,ヘイラッシャ
イーユイ,カイリュー,キノガッサ,テツノツツミ,ヘイラッシャ,ミミッキュ
イーユイ,カイリュー,クレベース,テツノドクガ,ディンルー,ヤドキング
キョジオーン,キラフロル,サーフゴー,ディンルー,ハバタクカミ,パオジアン
イーユイ,カバルドン,キノガッサ,テツノツツミ,パオジアン,ミミッキュ
ウインディ,ウルガモス,キノガッサ,キラフロル,ハバタクカミ,ルカリオ
ガブリアス,ドドゲザン,ハバタクカミ,パオジアン,モロバレル,ロトム
カイリュー,カバルドン,サーフゴー,テツノカイナ,ハバタクカミ,ルカリオ
テツノドクガ,ハッサム,ハバタクカミ,パオジアン,パーモット,マリルリ
ガブリアス,サーフゴー,チオンジェン,テツノカイナ,テツノドクガ,パオジアン
イーユイ,ガブリアス,サーフゴー,セグレイブ,ハッサム,パオジアン
イーユイ,カイリュー,カバルドン,サーフゴー,パオジアン,ミミッキュ
ウインディ,カイリュー,ギャラドス,ゲンガー,サンダース,パルシェン
カイリュー,キラフロル,テツノカイナ,ハバタクカミ,パオジアン,マスカーニャ
イーユイ,セグレイブ,ディンルー,ハバタクカミ,ヘイラッシャ,ラウドボーン
ウルガモス,セグレイブ,ディンルー,ハッサム,ハバタクカミ,ロトム
キノガッサ,ゴチルゼル,サーフゴー,セグレイブ,ヘイラッシャ,ミミッキュ
イダイナキバ,セグレイブ,チオンジェン,テツノドクガ,ハバタクカミ,ヘイラッシャ
イーユイ,カイリュー,サーフゴー,デカヌチャン,ハバタクカミ,マスカーニャ
イーユイ,カイリュー,キョジオーン,サーフゴー,ハバタクカミ,パオジアン
クエスパトラ,コノヨザル,サーフゴー,ジバコイル,セグレイブ,ハバタクカミ
ウルガモス,カイリュー,クレッフィ,コノヨザル,サーフゴー,テツノツツミ
ウェーニバル,サーフゴー,ディンルー,パオジアン,ミミッキュ,ロトム
ガブリアス,サーフゴー,ハバタクカミ,パオジアン,ミミッキュ,ロトム
アノホラグサ,エクスレッグ,ドドゲザン,ドラパルト,フォレトス,ロトム
カイリュー,コノヨザル,テツノドクガ,パオジアン,ミミッキュ,ロトム
ウルガモス,サーフゴー,セグレイブ,ディンルー,ハバタクカミ,ヘイラッシャ
カイリュー,サーフゴー,ディンルー,ハバタクカミ,ベトベトン,マリルリ
カイリュー,キノガッサ,キョジオーン,チオンジェン,ハバタクカミ,ミミッキュ
イーユイ,エーフィ,カイリュー,コノヨザル,テツノツツミ,ミミッキュ
イダイナキバ,イーユイ,ドンファン,ハバタクカミ,バンギラス,マスカーニャ
カイリュー,テツノツツミ,ディンルー,ハバタクカミ,ミミッキュ,モロバレル
イダイナキバ,イーユイ,セグレイブ,ハバタクカミ,ヘイラッシャ,モロバレル
イーユイ,カイリュー,サーフゴー,ハバタクカミ,マリルリ,ミミッキュ
アーマーガア,キョジオーン,テツノカイナ,ハバタクカミ,パオジアン,ミミッキュ
イダイナキバ,スナノケガワ,テツノワダチ,ディンルー,ドオー,リククラゲ
イーユイ,サーフゴー,テツノカイナ,ハバタクカミ,パオジアン,ロトム
イダイナキバ,ウルガモス,カイリュー,ジバコイル,デカヌチャン,ハバタクカミ
カイリュー,サーフゴー,テツノドクガ,ハバタクカミ,パオジアン,マリルリ
カバルドン,キョジオーン,サーフゴー,テツノツツミ,パオジアン,ミミッキュ
サーフゴー,テツノツツミ,ディンルー,ハバタクカミ,パオジアン,ミミッキュ
イーユイ,クエスパトラ,テツノワダチ,ドラパルト,パオジアン,マスカーニャ
カイリュー,キラフロル,クエスパトラ,サーフゴー,セグレイブ,パオジアン
コノヨザル,ソウブレイズ,ディンルー,ハバタクカミ,パオジアン,ミミッキュ
イルカマン,イーユイ,キョジオーン,パオジアン,モロバレル,ロトム
イーユイ,キョジオーン,サーフゴー,ドヒドイデ,ドラパルト,ラッキー
クエスパトラ,コノヨザル,サーフゴー,ハバタクカミ,パオジアン,マスカーニャ
イダイナキバ,イーユイ,テツノドクガ,ハバタクカミ,ミミッキュ,ユキノオー
キノガッサ,テツノカイナ,ハッサム,ハバタクカミ,パオジアン,ロトム
カイリュー,キノガッサ,サーフゴー,ドヒドイデ,ヘイラッシャ,ラッキー
キョジオーン,サーフゴー,ジバコイル,ドオー,パオジアン,ヘイラッシャ
キノガッサ,クレベース,サーフゴー,ドヒドイデ,モロバレル,ラッキー
キョジオーン,テツノドクガ,ディンルー,ハバタクカミ,パオジアン,マリルリ
カイリュー,コノヨザル,ディンルー,ハバタクカミ,パオジアン,ヘイラッシャ
ウルガモス,カイリュー,キョジオーン,ハバタクカミ,パオジアン,ミミッキュ
カイリュー,サーフゴー,テツノドクガ,ディンルー,パオジアン,ミミッキュ
ガブリアス,ソウブレイズ,テツノブジン,ハバタクカミ,パオジアン,ロトム
カイリュー,ガブリアス,サーフゴー,チオンジェン,テツノドクガ,パオジアン
イーユイ,カイリュー,サーフゴー,チオンジェン,ディンルー,ハバタクカミ
イルカマン,カイリュー,サーフゴー,チオンジェン,ディンルー,ハバタクカミ
イダイナキバ,イーユイ,カイリュー,キョジオーン,サーフゴー,パオジアン
イーユイ,カイリュー,サーフゴー,ディンルー,パオジアン,ヘイラッシャ
カイリュー,カバルドン,テツノドクガ,テツノブジン,パオジアン,ロトム
イーユイ,カイリュー,カバルドン,キノガッサ,サーフゴー,マリルリ
イーユイ,コノヨザル,テツノツツミ,ハッサム,パオジアン,ミミッキュ
イーユイ,キノガッサ,サーフゴー,パオジアン,フワライド,ミミッキュ
イーユイ,カイリュー,ディンルー,ドヒドイデ,ハバタクカミ,パオジアン
イダイナキバ,テツノドクガ,ドドゲザン,ハバタクカミ,ミミッキュ,ロトム
イーユイ,カイリュー,コノヨザル,ハッサム,ハバタクカミ,パオジアン
イーユイ,カバルドン,サーフゴー,テツノカイナ,トドロクツキ,ハバタクカミ
カイリュー,サーフゴー,セグレイブ,ディンルー,ハバタクカミ,ヘイラッシャ
イダイナキバ,カイリュー,サーフゴー,ディンルー,ハバタクカミ,パオジアン
カイリュー,カバルドン,キノガッサ,テツノドクガ,ハバタクカミ,ヘイラッシャ
イーユイ,カイリュー,キョジオーン,ディンルー,パオジアン,ミミッキュ
イルカマン,カイリュー,スナノケガワ,テツノツツミ,ハッサム,ハバタクカミ
イーユイ,カイリュー,チオンジェン,テツノツツミ,ドヒドイデ,パオジアン
ガブリアス,チオンジェン,テツノカイナ,テツノドクガ,ハバタクカミ,パオジアン
イーユイ,サーフゴー,セグレイブ,テツノカイナ,テツノツツミ,ミミッキュ
カイリュー,チオンジェン,テツノドクガ,ディンルー,ハバタクカミ,パオジアン
ガブリアス,ドオー,ニンフィア,ハバタクカミ,パオジアン,ロトム
イーユイ,カイリュー,カバルドン,サーフゴー,パオジアン,マスカーニャ
テツノカイナ,テツノツツミ,トドロクツキ,ドオー,ハバタクカミ,ミミズズ
カイリュー,キョジオーン,サーフゴー,テツノドクガ,ディンルー,パオジアン
カイリュー,ガブリアス,ジバコイル,ハバタクカミ,パオジアン,ヘイラッシャ
イーユイ,ウルガモス,キョジオーン,セグレイブ,ハバタクカミ,マスカーニャ
カイリュー,サーフゴー,シャワーズ,セグレイブ,テツノカイナ,テツノワダチ
イーユイ,カイリュー,ディンルー,ハバタクカミ,パオジアン,ヘイラッシャ
イーユイ,ガブリアス,サーフゴー,ドヒドイデ,パオジアン,ミミズズ
イーユイ,カイリュー,コノヨザル,テツノカイナ,テツノツツミ,ミミッキュ
イーユイ,キョジオーン,ジバコイル,ハバタクカミ,パオジアン,ヘイラッシャ
カイリュー,カバルドン,サーフゴー,ハバタクカミ,パオジアン,マスカーニャ
イダイナキバ,イーユイ,カイリュー,セグレイブ,ハバタクカミ,ヘイラッシャ
イーユイ,カイリュー,ドヒドイデ,パオジアン,ブラッキー,ロトム
イダイナキバ,コノヨザル,サーフゴー,ジバコイル,ディンルー,ハバタクカミ
イーユイ,ディンルー,ハバタクカミ,パオジアン,ミミズズ,モロバレル
カイリュー,コノヨザル,ディンルー,ハバタクカミ,パオジアン,ロトム
イーユイ,カイリュー,カバルドン,サーフゴー,パオジアン,マリルリ
カイリュー,キラフロル,チオンジェン,テツノツツミ,パオジアン,ミミッキュ
カイリュー,キラフロル,ディンルー,ハバタクカミ,パオジアン,ロトム
アラブルタケ,カイリュー,コノヨザル,テツノドクガ,ハバタクカミ,ミミッキュ
カイリュー,チオンジェン,テツノツツミ,テツノドクガ,ディンルー,ミミッキュ
カイリュー,チオンジェン,トドロクツキ,ドオー,ハバタクカミ,ロトム
カイリュー,ガブリアス,キノガッサ,テツノツツミ,パオジアン,ロトム
アーマーガア,サーフゴー,ディンルー,ドヒドイデ,パオジアン,ラッキー
カイリュー,キノガッサ,ディンルー,ハバタクカミ,パオジアン,ロトム
イーユイ,キノガッサ,テツノカイナ,テツノツツミ,パオジアン,ミミッキュ
イーユイ,カイリュー,チオンジェン,テツノツツミ,ドヒドイデ,ミミッキュ
カイリュー,キョジオーン,ソウブレイズ,テツノツツミ,テツノドクガ,ドドゲザン
サーフゴー,テツノカイナ,テツノドクガ,トドロクツキ,ミミッキュ,ロトム
カイリュー,カバルドン,テツノドクガ,ハッサム,ハバタクカミ,パオジアン
イーユイ,カイリュー,カバルドン,テツノツツミ,ハバタクカミ,パオジアン
カイリュー,ゲンガー,スコヴィラン,セグレイブ,テツノワダチ,ハバタクカミ
イーユイ,カイリュー,キノガッサ,ディンルー,ハバタクカミ,パオジアン
イダイナキバ,カイリュー,スコヴィラン,テツノツツミ,ドヒドイデ,ミミッキュ
イーユイ,ガブリアス,キノガッサ,ハバタクカミ,パオジアン,ミミッキュ
イダイナキバ,イーユイ,カイリュー,セグレイブ,ハッサム,ハバタクカミ
キノガッサ,コータス,テツノカイナ,トドロクツキ,ハバタクカミ,ボーマンダ
ウインディ,キノガッサ,サーフゴー,ディンルー,トドロクツキ,ハバタクカミ
カイリュー,ジバコイル,ディンルー,ドヒドイデ,ハバタクカミ,パオジアン
カイリュー,キノガッサ,コノヨザル,デカヌチャン,ハバタクカミ,ロトム
イダイナキバ,ウルガモス,キノガッサ,テツノツツミ,ハバタクカミ,パオジアン
オノノクス,カラミンゴ,ストリンダー,ソウブレイズ,テツノツツミ,デカヌチャン
カイリュー,テツノカイナ,ディンルー,ハバタクカミ,パオジアン,ビビヨン
カイリュー,キノガッサ,テツノツツミ,ハバタクカミ,パオジアン,ヘイラッシャ
イーユイ,カイリュー,キョジオーン,サーフゴー,ハバタクカミ,ヘイラッシャ
ガブリアス,チオンジェン,テツノカイナ,テツノツツミ,テツノドクガ,パオジアン
イーユイ,キノガッサ,ドラパルト,ハッサム,ハバタクカミ,パオジアン
カイリュー,キノガッサ,サーフゴー,ハバタクカミ,パオジアン,ミミッキュ
アーマーガア,イーユイ,キョジオーン,チオンジェン,マスカーニャ,ミミッキュ
アーマーガア,オドリドリ,ガブリアス,サーフゴー,ハバタクカミ,フワライド
イーユイ,ジバコイル,デデンネ,ドラパルト,ピカチュウ,ヘイラッシャ
イーユイ,サーフゴー,チオンジェン,テツノツツミ,トリトドン,ドヒドイデ
サーフゴー,ソウブレイズ,ディンルー,ハバタクカミ,パオジアン,ロトム
イーユイ,カイリュー,クレベース,ドヒドイデ,ハバタクカミ,ラッキー
コノヨザル,チオンジェン,テツノドクガ,ハバタクカミ,ポットデス,ミミッキュ
イーユイ,キョジオーン,セグレイブ,チオンジェン,テツノツツミ,ミミッキュ
イルカマン,イーユイ,カイリュー,キョジオーン,サーフゴー,マスカーニャ
イーユイ,サーフゴー,ハバタクカミ,パオジアン,マスカーニャ,ロトム
イーユイ,カイリュー,テツノツツミ,ディンルー,パオジアン,ミミッキュ
エルレイド,カイリュー,テツノツツミ,ディンルー,ハッサム,ミミッキュ
イーユイ,カイリュー,テツノカイナ,ハッサム,ハバタクカミ,パオジアン
キノガッサ,クレベース,サーフゴー,ドヒドイデ,ヘイラッシャ,ラッキー
ウルガモス,コノヨザル,トドロクツキ,ハバタクカミ,パオジアン,パルシェン
ウルガモス,オニゴーリ,サーフゴー,ディンルー,ドヒドイデ,ハバタクカミ
カイリュー,キョジオーン,ハバタクカミ,パオジアン,ミミッキュ,ロトム
カイリュー,キラフロル,ギャラドス,サーフゴー,ハバタクカミ,パオジアン
カイリュー,キョジオーン,ディンルー,ハバタクカミ,マスカーニャ,ロトム
イッカネズミ,キョジオーン,キラフロル,セグレイブ,ハバタクカミ,ポットデス
ガブリアス,ハバタクカミ,パオジアン,マスカーニャ,ミミッキュ,ロトム
イルカマン,イーユイ,ディンルー,ハバタクカミ,ヘイラッシャ,モロバレル
ウルガモス,ガブリアス,キノガッサ,キョジオーン,ハバタクカミ,パオジアン
イーユイ,ディンルー,ハッサム,ハバタクカミ,パオジアン,ロトム
カバルドン,クエスパトラ,テツノカイナ,ハバタクカミ,パオジアン,ロトム
カバルドン,チオンジェン,テツノツツミ,ハバタクカミ,パオジアン,ミミッキュ
ウルガモス,オノノクス,クレッフィ,ゲンガー,ディンルー,ブリムオン
イダイナキバ,ウルガモス,サーフゴー,テツノツツミ,ハッサム,ヘイラッシャ
カイリュー,キノガッサ,キョジオーン,ハバタクカミ,ミミッキュ,ロトム
アーマーガア,エルレイド,ソウブレイズ,テツノツツミ,ハバタクカミ,マスカーニャ
ウェーニバル,カイリュー,キラフロル,コノヨザル,テツノツツミ,ミミッキュ
イーユイ,カイリュー,ドオー,ハバタクカミ,パオジアン,ロトム
イダイナキバ,サーフゴー,セグレイブ,テツノドクガ,ハバタクカミ,ヘイラッシャ
コノヨザル,セグレイブ,テツノワダチ,ハバタクカミ,フォレトス,マスカーニャ
アーマーガア,イーユイ,カバルドン,テツノドクガ,ハバタクカミ,パオジアン
ウインディ,カイリュー,テツノカイナ,ハッサム,ハバタクカミ,パオジアン
イーユイ,カイリュー,カバルドン,サーフゴー,ヘイラッシャ,マスカーニャ
テツノカイナ,テツノドクガ,ディンルー,ハバタクカミ,パオジアン,ブリムオン
イーユイ,カイリュー,カバルドン,キノガッサ,キラフロル,パオジアン
イーユイ,ゴチルゼル,サーフゴー,ドヒドイデ,ヘイラッシャ,ラッキー
アーマーガア,カイリュー,テツノカイナ,テツノツツミ,テツノワダチ,ハバタクカミ
イーユイ,カイリュー,キノガッサ,コノヨザル,サーフゴー,ミミッキュ
イーユイ,ウルガモス,キラフロル,テツノワダチ,ニンフィア,パオジアン
クレベース,サーフゴー,ドオー,ドヒドイデ,ハピナス,ママンボウ
イーユイ,キノガッサ,キョジオーン,ディンルー,ドヒドイデ,パオジアン
ウルガモス,カイリュー,キラフロル,テツノツツミ,ディンルー,ミミッキュ
イーユイ,ドラパルト,ニンフィア,ハリーセン,ミミズズ,リククラゲ
イーユイ,カイリュー,ハッサム,パオジアン,モロバレル,ロトム
イーユイ,カイリュー,サーフゴー,デカヌチャン,パオジアン,ミミッキュ
イダイナキバ,イーユイ,カイリュー,クエスパトラ,ミミズズ,モロバレル
イーユイ,カイリュー,ジバコイル,ハバタクカミ,パオジアン,ヘイラッシャ
カバルドン,コノヨザル,サーフゴー,トドロクツキ,ハッサム,パオジアン
ゴチルゼル,ディンルー,ドヒドイデ,パオジアン,ヘイラッシャ,ラッキー
イーユイ,カイリュー,セグレイブ,テツノツツミ,ハッサム,ハバタクカミ
イーユイ,カイリュー,ガブリアス,キノガッサ,サーフゴー,ミミッキュ
サーフゴー,セグレイブ,ドドゲザン,ハバタクカミ,ヘイラッシャ,ロトム
ウルガモス,トドロクツキ,ドオー,ハッサム,モロバレル,ロトム
カイリュー,サーフゴー,テツノツツミ,マスカーニャ,マリルリ,ミミッキュ
イーユイ,カイリュー,ケンタロス,ジバコイル,ディンルー,ハバタクカミ
イーユイ,ウェーニバル,カイリュー,カバルドン,テツノツツミ,パオジアン
イーユイ,クレベース,デカヌチャン,バンギラス,ボーマンダ,ロトム
イーユイ,ウーラオス,カイリュー,キョジオーン,キラフロル,テツノツツミ
ウーラオス,カイリュー,ガチグマ,ジバコイル,ハバタクカミ,パオジアン
カイリュー,サーフゴー,テツノツツミ,ディンルー,ドヒドイデ,パオジアン
ウーラオス,カイリュー,カバルドン,サーフゴー,ハバタクカミ,パオジアン
ウーラオス,カイリュー,ガブリアス,サーフゴー,テツノドクガ,ミミッキュ
ウーラオス,コータス,トドロクツキ,ドラパルト,ハバタクカミ,ランドロス
ウーラオス,カイリュー,サーフゴー,ディンルー,ハバタクカミ,パオジアン
ウーラオス,ガチグマ,ドドゲザン,ハバタクカミ,パオジアン,ミミッキュ
ウーラオス,カイリュー,サーフゴー,ハバタクカミ,パオジアン,レジエレキ
ウルガモス,ケンタロス,サーフゴー,ドオー,パオジアン,モスノウ
ウーラオス,カイリュー,ガチグマ,サンダー,ハッサム,ミミッキュ
ウーラオス,カイリュー,ガチグマ,デカヌチャン,ハバタクカミ,ボルトロス
ウーラオス,ガブリアス,サザンドラ,テツノカイナ,ドヒドイデ,ハバタクカミ
ウーラオス,カイリュー,テツノツツミ,パオジアン,ミミッキュ,ランドロス
ウーラオス,カイリュー,テツノツツミ,ハッサム,ハバタクカミ,ランドロス
オオニューラ,カイリュー,ガチグマ,ハバタクカミ,ヒードラン,ヘイラッシャ
イーユイ,ディンルー,ヌメルゴン,パオジアン,ヘイラッシャ,ランドロス
ウーラオス,ゴリランダー,ドラパルト,ヌメルゴン,ハバタクカミ,ロトム
ウーラオス,カイリュー,カバルドン,サーフゴー,テツノツツミ,ドドゲザン
カイリュー,ガブリアス,サーフゴー,テツノツツミ,ハッサム,ハバタクカミ
イーユイ,カイリュー,ゴリランダー,テツノツツミ,ディンルー,ドヒドイデ
オオニューラ,カイリュー,セグレイブ,テツノツツミ,パオジアン,ミミッキュ
イーユイ,ガブリアス,ハバタクカミ,パオジアン,ヒードラン,ロトム
ウインディ,カイリュー,ギャラドス,コノヨザル,ハッサム,パルシェン
ウーラオス,カイリュー,サーフゴー,ディンルー,ドヒドイデ,ハバタクカミ
イーユイ,カバルドン,キノガッサ,ハバタクカミ,パオジアン,マリルリ
アーマーガア,ウーラオス,テツノカイナ,ハバタクカミ,パオジアン,ランドロス
ウーラオス,オオニューラ,カイリュー,カバルドン,サーフゴー,テツノツツミ
イーユイ,カイリュー,ガブリアス,テツノツツミ,ハバタクカミ,ミミッキュ
ウーラオス,カイリュー,サーフゴー,ハバタクカミ,ヒードラン,ランドロス
ガチグマ,ガブリアス,ハッサム,ハバタクカミ,ミミッキュ,レジエレキ
カイリュー,クレセリア,テツノツツミ,ハッサム,ハバタクカミ,パオジアン
ウーラオス,オオニューラ,カイリュー,クレセリア,チオンジェン,ハバタクカミ
イーユイ,ガチグマ,ドヒドイデ,ドラパルト,フリーザー,ランドロス
ウーラオス,カイリュー,ハバタクカミ,パオジアン,ヒードラン,ランドロス
クエスパトラ,クレセリア,テツノブジン,パオジアン,ヘイラッシャ,ラブトロス
ウルガモス,ウーラオス,カイリュー,キョジオーン,サーフゴー,パオジアン
ウーラオス,オオニューラ,オーロンゲ,カイリュー,サーフゴー,テツノツツミ
ウーラオス,サンダー,チオンジェン,ハバタクカミ,ヒードラン,ランドロス
イダイトウ,コノヨザル,サーフゴー,ハバタクカミ,ミミッキュ,ヤミラミ
ウーラオス,カイリュー,ディンルー,ドヒドイデ,ヌメルゴン,ハバタクカミ
イーユイ,オオニューラ,カイリュー,ガチグマ,テツノツツミ,ミミッキュ
サーフゴー,ディンルー,ドヒドイデ,ハバタクカミ,リククラゲ,ロトム
イッカネズミ,テツノカイナ,ディンルー,ハバタクカミ,ポットデス,レジエレキ
サーフゴー,ヌメルゴン,ハバタクカミ,パオジアン,ヘイラッシャ,ランドロス
イーユイ,カイリュー,ガチグマ,キノガッサ,ハバタクカミ,ヘイラッシャ
ウーラオス,カイリュー,クエスパトラ,ドオー,ハバタクカミ,ヒードラン
カイリュー,ガブリアス,サーフゴー,ハバタクカミ,パオジアン,ヘイラッシャ
ウーラオス,カイリュー,サンダー,サーフゴー,テツノツツミ,ミミッキュ
カイリュー,サーフゴー,ディンルー,ドヒドイデ,ハバタクカミ,パオジアン
ウーラオス,カイリュー,サーフゴー,ディンルー,ハバタクカミ,ミミッキュ
ウーラオス,カイリュー,ガブリアス,クレセリア,テツノツツミ,ミミッキュ
イーユイ,カイリュー,セグレイブ,テツノツツミ,ディンルー,ドヒドイデ
ウーラオス,カイリュー,ガブリアス,ハバタクカミ,ファイヤー,ミミッキュ
イーユイ,オオニューラ,カイリュー,キョジオーン,ゴリランダー,パオジアン
アーマーガア,キノガッサ,クレベース,ドオー,ヘイラッシャ,ラッキー
カイリュー,カバルドン,サーフゴー,テツノツツミ,ハバタクカミ,パオジアン
イーユイ,テツノカイナ,ハバタクカミ,ヘイラッシャ,モロバレル,ランドロス
ウーラオス,カイリュー,サーフゴー,ハバタクカミ,パオジアン,ミミッキュ
ウーラオス,カイリュー,ゴリランダー,ディンルー,ハバタクカミ,ヒードラン
イダイトウ,クエスパトラ,ヌメルゴン,ハバタクカミ,パオジアン,ランドロス
ウーラオス,カイリュー,ガチグマ,コノヨザル,テツノカイナ,ハッサム
ウーラオス,チオンジェン,ヌメルゴン,ハバタクカミ,ヒードラン,ランドロス
イダイトウ,カイリュー,ガチグマ,テツノブジン,パオジアン,ミミッキュ
カイリュー,テツノカイナ,ハバタクカミ,パオジアン,ヒードラン,ランドロス
ウーラオス,ガチグマ,サーフゴー,テツノツツミ,ハッサム,ハバタクカミ
イーユイ,カイリュー,キノガッサ,ディンルー,ドヒドイデ,ハバタクカミ
ウルガモス,キノガッサ,ディンルー,ハバタクカミ,パオジアン,ヘイラッシャ
ウーラオス,カイリュー,ディンルー,ヌメルゴン,ハバタクカミ,ミミッキュ
セグレイブ,ディンルー,ハッサム,ハバタクカミ,パオジアン,ロトム
イダイトウ,ガチグマ,コノヨザル,ペリッパー,ボルトロス,ミミッキュ
ウーラオス,カイリュー,ディンルー,ハバタクカミ,ヒードラン,ヘイラッシャ
ウーラオス,カイリュー,サーフゴー,ハバタクカミ,パオジアン,モロバレル
カイリュー,サーフゴー,テツノツツミ,ディンルー,ドラパルト,ミミッキュ
カイリュー,テツノツツミ,ディンルー,ハッサム,ハバタクカミ,パオジアン
ウーラオス,カイリュー,ディンルー,ハバタクカミ,パオジアン,ヘイラッシャ
ウーラオス,カイリュー,サーフゴー,テツノツツミ,ディンルー,ハバタクカミ
カイリュー,クレセリア,ケンタロス,ドドゲザン,ハバタクカミ,ランドロス
ガブリアス,コノヨザル,ディンルー,ハバタクカミ,パオジアン,ヘイラッシャ
カイリュー,ハッサム,ハバタクカミ,ミミッキュ,ルカリオ,ロトム
イーユイ,オオニューラ,ガチグマ,サケブシッポ,サーフゴー,ロトム
ウーラオス,カイリュー,コノヨザル,サザンドラ,サンダー,ハッサム
イーユイ,カイリュー,クレセリア,サーフゴー,テツノツツミ,ディンルー
ゴチルゼル,ドオー,ヘイラッシャ,ミミズズ,モロバレル,ラッキー
イーユイ,ドラパルト,バサギリ,ブリザポス,ボルトロス,ミミズズ
ウーラオス,ドラパルト,ハバタクカミ,パオジアン,ヒードラン,ランドロス
ウーラオス,サーフゴー,ドラパルト,ハバタクカミ,パオジアン,ヒードラン
ウーラオス,カイリュー,ガチグマ,ハバタクカミ,パオジアン,ヒードラン
ウーラオス,カイリュー,ガチグマ,ドドゲザン,ハバタクカミ,パオジアン
イダイトウ,イーユイ,ガチグマ,セグレイブ,テツノツツミ,ミミッキュ
イーユイ,ウーラオス,カイリュー,ディンルー,ドヒドイデ,ハバタクカミ
ガチグマ,ガブリアス,サーフゴー,テツノツツミ,テツノブジン,パオジアン
イーユイ,カイリュー,ゴチルゼル,テツノツツミ,ハバタクカミ,ミミッキュ
カイリュー,コノヨザル,サーフゴー,ディンルー,トドロクツキ,ハバタクカミ
ウインディ,ガブリアス,パオジアン,ボルトロス,ミミッキュ,ルカリオ
コノヨザル,サーフゴー,テツノツツミ,テツノドクガ,ディンルー,ドドゲザン
イダイトウ,オオニューラ,カイリュー,グレイシア,サーフゴー,ミミッキュ
ウーラオス,カイリュー,テツノツツミ,デカヌチャン,ドオー,ハバタクカミ
ウーラオス,カイリュー,ガチグマ,サーフゴー,ハバタクカミ,ヒードラン
ガチグマ,サーフゴー,バサギリ,ボルトロス,マリルリ,モロバレル
イーユイ,ウーラオス,ガチグマ,ハバタクカミ,ミミッキュ,ランドロス
ウーラオス,カイリュー,ハバタクカミ,パオジアン,ミミッキュ,レジエレキ
ウーラオス,カイリュー,サーフゴー,セグレイブ,テツノドクガ,ハバタクカミ
ウーラオス,ガブリアス,サーフゴー,ドヒドイデ,ハバタクカミ,ロトム
キノガッサ,コータス,ヌメルゴン,ハバタクカミ,パオジアン,ランドロス
カイリュー,ゴリランダー,スナノケガワ,ゾロアーク,ヒードラン,ブリザポス
エムリット,ガチグマ,キノガッサ,ハバタクカミ,パオジアン,ミミッキュ
カイリュー,ドヒドイデ,フワライド,ヘイラッシャ,モロバレル,ラッキー
カイリュー,コノヨザル,テツノカイナ,テツノツツミ,ドレディア,ミミッキュ
カイリュー,ガチグマ,サーフゴー,ハバタクカミ,フォレトス,ロトム
イダイトウ,ウーラオス,テツノツツミ,ハバタクカミ,ヒードラン,ランドロス
イーユイ,ウーラオス,ガブリアス,ハバタクカミ,パオジアン,モロバレル
カイリュー,ガブリアス,サーフゴー,ハバタクカミ,ヒードラン,ミミッキュ
ウーラオス,ハバタクカミ,パオジアン,ヒードラン,ミミッキュ,ロトム
ウーラオス,カイリュー,ディンルー,ハバタクカミ,パオジアン,ボルトロス
ガチグマ,ゴリランダー,テツノカイナ,テツノツツミ,マリルリ,ヤドキング
ウーラオス,ガブリアス,コノヨザル,ゴリランダー,ブロロローム,レイスポス
キョジオーン,クエスパトラ,クレセリア,サーフゴー,テツノブジン,ドラパルト
サンダー,サーフゴー,ディンルー,ハバタクカミ,ヘイラッシャ,ミミッキュ
カイリュー,ゴチルゼル,ジュナイパー,ドヒドイデ,ヘイラッシャ,ラッキー
イダイトウ,ガブリアス,キノガッサ,ハバタクカミ,ミミッキュ,ロトム
ウーラオス,カイリュー,ガチグマ,キョジオーン,サーフゴー,ハバタクカミ
ケンタロス,コノヨザル,ドラパルト,ベトベトン,ボルトロス,ランドロス
イダイトウ,カイリュー,サーフゴー,ディンルー,ヒードラン,ミミッキュ
カイリュー,キノガッサ,コノヨザル,テツノツツミ,ハバタクカミ,パオジアン
イダイトウ,ウインディ,ガチグマ,デカヌチャン,ボルトロス,ママンボウ
ドドゲザン,ハリーマン,パオジアン,ヘイラッシャ,ボルトロス,ミミッキュ
ウルガモス,カバルドン,トドロクツキ,ドヒドイデ,ハバタクカミ,パオジアン
イダイトウ,ガチグマ,コノヨザル,サーフゴー,スナノケガワ,ミミッキュ
オオニューラ,ガチグマ,サーフゴー,テツノツツミ,テツノブジン,ヒードラン
ウーラオス,カイリュー,ディンルー,ハバタクカミ,パオジアン,モロバレル
カイリュー,テツノカイナ,テツノツツミ,ハッサム,ハバタクカミ,ランドロス
オオニューラ,カイリュー,ゴリランダー,サーフゴー,ディンルー,ハバタクカミ
ウーラオス,サーフゴー,ドオー,ハバタクカミ,パオジアン,レジエレキ
オオニューラ,キラフロル,テツノドクガ,ハリーマン,モロバレル,ヤドキング
イダイトウ,ウーラオス,カイリュー,ガチグマ,ハバタクカミ,ミミッキュ
カイリュー,ガチグマ,キノガッサ,テツノツツミ,ハバタクカミ,ヒードラン
カイリュー,キョジオーン,サーフゴー,テツノツツミ,ディンルー,マスカーニャ
ガブリアス,サーフゴー,テツノツツミ,ニンフィア,パオジアン,マリルリ
カイリュー,サーフゴー,ハッサム,ハバタクカミ,バンギラス,ランドロス
ウーラオス,クレッフィ,セグレイブ,ゾロアーク,ハバタクカミ,ハリーマン
カイリュー,ガブリアス,キノガッサ,ゾロアーク,テツノツツミ,ハバタクカミ
アーマーガア,ウーラオス,ゴリランダー,サーフゴー,テツノツツミ,フワライド
イダイトウ,ウインディ,オオニューラ,ゴリランダー,スナノケガワ,ペリッパー
イダイトウ,カイリュー,ディンルー,ヒードラン,マスカーニャ,ミミッキュ
カイリュー,ガブリアス,サーフゴー,テツノツツミ,ヒードラン,ミミッキュ
イーユイ,ガチグマ,サーフゴー,パオジアン,ヘイラッシャ,ミミッキュ
キノガッサ,トドロクツキ,ドヒドイデ,ヘイラッシャ,ミミズズ,ラッキー
カイリュー,ガブリアス,ハバタクカミ,パオジアン,ヒードラン,ヘイラッシャ
ウーラオス,カイリュー,ガブリアス,サーフゴー,ハバタクカミ,レジエレキ
イダイトウ,オオニューラ,コノヨザル,サンダー,テツノブジン,ドドゲザン
ゴチルゼル,サーフゴー,ドヒドイデ,ヘイラッシャ,ミミズズ,ラッキー
ウインディ,ウーラオス,カイリュー,ハバタクカミ,ヒードラン,マスカーニャ
イーユイ,カイリュー,キノガッサ,ヌメルゴン,ハバタクカミ,パオジアン
オオニューラ,カイリュー,サーフゴー,ディンルー,ハバタクカミ,パオジアン
イーユイ,オーロンゲ,ガチグマ,コノヨザル,テツノツツミ,ミミッキュ
ウーラオス,カイリュー,テツノツツミ,ヌメルゴン,ハバタクカミ,ランドロス
カイリュー,ゲッコウガ,サーフゴー,テツノツツミ,ヒードラン,ボルトロス
イダイトウ,キョジオーン,テツノツツミ,ハッサム,ペリッパー,ミミッキュ
ウーラオス,ガチグマ,クレセリア,ヌメルゴン,ハバタクカミ,バクフーン
カイリュー,ガブリアス,セグレイブ,トドロクツキ,ドラパルト,ヌメルゴン
カイリュー,ガブリアス,サンダー,ヌメルゴン,ハバタクカミ,パオジアン
カイリュー,サーフゴー,ジバコイル,ハバタクカミ,ヘイラッシャ,ランドロス
イーユイ,サーフゴー,ニンフィア,パオジアン,ランドロス,ロトム
イーユイ,ウーラオス,カイリュー,ヌメルゴン,パオジアン,ヘイラッシャ
カイリュー,サーフゴー,テツノツツミ,ディンルー,ヒードラン,ミミッキュ
カイリュー,ガブリアス,クレセリア,テツノツツミ,パオジアン,ロトム
イーユイ,カイリュー,ガチグマ,テツノツツミ,ハッサム,ハバタクカミ
イダイトウ,コノヨザル,セグレイブ,バサギリ,ピカチュウ,ペリッパー
ウーラオス,ガブリアス,ゴリランダー,サンダー,ハバタクカミ,ヒードラン
ウーラオス,カイリュー,ガブリアス,キノガッサ,テツノツツミ,ヒードラン
イーユイ,カイリュー,サーフゴー,ハッサム,パオジアン,マリルリ
クエスパトラ,ジバコイル,セグレイブ,ドラパルト,ハバタクカミ,レジエレキ
ガチグマ,ハバタクカミ,パオジアン,ヒードラン,モロバレル,ロトム
イーユイ,カイリュー,ガブリアス,サーフゴー,テツノツツミ,ミミッキュ
ウルガモス,エーフィ,カイリュー,パオジアン,ミミッキュ,ロトム
ガブリアス,ハッサム,ハバタクカミ,パオジアン,ボルトロス,モロバレル
カイリュー,サーフゴー,テツノブジン,ディンルー,ドドゲザン,パオジアン
イエッサン,ウーラオス,カイリュー,コータス,ドンファン,ヘイラッシャ
ガチグマ,コノヨザル,サザンドラ,テツノツツミ,マリルリ,ヤドキング
カイリュー,ゴチルゼル,ドヒドイデ,ヘイラッシャ,ミミズズ,ラッキー
ウルガモス,ウーラオス,カイリュー,ガチグマ,テツノツツミ,ハバタクカミ
オオニューラ,カイリュー,サーフゴー,チオンジェン,ハバタクカミ,ヒードラン
ウーラオス,カイリュー,サーフゴー,ドドゲザン,ハバタクカミ,パオジアン
イダイトウ,キノガッサ,セグレイブ,ヒードラン,ボルトロス,ミミッキュ
キョジオーン,サザンドラ,パオジアン,ヒードラン,ヤドキング,ヤドラン
ウルガモス,カイリュー,キョジオーン,クエスパトラ,サーフゴー,ハバタクカミ
ガチグマ,コノヨザル,ハカドッグ,バンギラス,ミミッキュ,ラウドボーン
カイリュー,ガチグマ,クレセリア,サーフゴー,ディンルー,モロバレル
イーユイ,ウーラオス,カイリュー,キョジオーン,サーフゴー,ドオー
アラブルタケ,イダイトウ,イーユイ,ディンルー,ハバタクカミ,パオジアン
イーユイ,カイリュー,サーフゴー,ドオー,パオジアン,ブリムオン
イダイトウ,イダイナキバ,カイリュー,キノガッサ,ハバタクカミ,パオジアン
ウーラオス,カイリュー,サーフゴー,ハバタクカミ,パオジアン,ランドロス
イダイトウ,カイリュー,ディンルー,ハバタクカミ,パオジアン,ヘイラッシャ
イーユイ,サーフゴー,チオンジェン,テツノツツミ,ドヒドイデ,ランドロス
イーユイ,ウーラオス,カイリュー,ハバタクカミ,ミミッキュ,ランドロス
ウーラオス,カイリュー,サーフゴー,テツノツツミ,ハバタクカミ,パオジアン
イーユイ,カイリュー,キノガッサ,コノヨザル,ハバタクカミ,パオジアン
ウーラオス,ガブリアス,サンダー,チオンジェン,ハバタクカミ,ヒードラン
イダイトウ,イーユイ,カイリュー,カバルドン,キノガッサ,ハバタクカミ
ウーラオス,カイリュー,ヌメルゴン,ハバタクカミ,ヒードラン,ランドロス
ウーラオス,キョジオーン,ハバタクカミ,パオジアン,ヒードラン,ランドロス
イーユイ,ウーラオス,チオンジェン,ドヒドイデ,ハバタクカミ,ランドロス
イダイトウ,イーユイ,ゴリランダー,ジバコイル,ハバタクカミ,パオジアン
ウーラオス,カイリュー,ディンルー,ドヒドイデ,ハバタクカミ,フリーザー
ウーラオス,カイリュー,サーフゴー,ハバタクカミ,パオジアン,ヒードラン
ウーラオス,カイリュー,ヌメルゴン,ハバタクカミ,パオジアン,ランドロス
ウーラオス,テツノツツミ,ドラパルト,パオジアン,ミミッキュ,ランドロス
ウーラオス,カイリュー,テツノツツミ,ディンルー,ドヒドイデ,パオジアン
イーユイ,ウーラオス,サーフゴー,テツノツツミ,ミミッキュ,ランドロス
イーユイ,ジバコイル,ディンルー,ヘイラッシャ,ミミッキュ,ランドロス
イーユイ,ヌメルゴン,ハバタクカミ,パオジアン,ヘイラッシャ,ランドロス
イダイトウ,イーユイ,カイリュー,キラフロル,テツノツツミ,ミミッキュ
カイリュー,スナノケガワ,テツノツツミ,ハッサム,マスカーニャ,ミミッキュ
サーフゴー,ディンルー,ハバタクカミ,パオジアン,ヘイラッシャ,ランドロス
イーユイ,ウーラオス,ガブリアス,ハッサム,ハバタクカミ,ロトム
イダイトウ,ウーラオス,サンダー,サーフゴー,パオジアン,ミミッキュ
アーマーガア,イーユイ,ウーラオス,テツノワダチ,ハバタクカミ,ヘイラッシャ
アラブルタケ,イダイトウ,コノヨザル,テツノドクガ,ヘイラッシャ,ボルトロス
ウーラオス,カイリュー,キョジオーン,サーフゴー,パオジアン,ミミッキュ
ウーラオス,カイリュー,サーフゴー,ディンルー,ヒードラン,ロトム
サーフゴー,ディンルー,ハバタクカミ,ヒードラン,ヘイラッシャ,ランドロス
ウーラオス,カイリュー,ジバコイル,ハバタクカミ,パオジアン,ランドロス
イーユイ,サーフゴー,ディンルー,ヘイラッシャ,モロバレル,ラッキー
カイリュー,カバルドン,サーフゴー,ハバタクカミ,パオジアン,ロトム
ウーラオス,カイリュー,ガブリアス,サーフゴー,ドドゲザン,ハバタクカミ
ウーラオス,ガチグマ,サーフゴー,ドラパルト,ハバタクカミ,パオジアン
ウルガモス,ウーラオス,サーフゴー,ジバコイル,ハバタクカミ,ランドロス
イダイトウ,ウーラオス,カイリュー,カバルドン,テツノカイナ,パオジアン
イダイトウ,ウルガモス,ガブリアス,キノガッサ,コノヨザル,ミミッキュ
イダイトウ,ウーラオス,カイリュー,カバルドン,ハバタクカミ,パオジアン
ウーラオス,カイリュー,ジバコイル,ハバタクカミ,パオジアン,ミミッキュ
カイリュー,サーフゴー,ジバコイル,ニンフィア,パオジアン,マリルリ
カイリュー,ガチグマ,テツノツツミ,ハッサム,ハバタクカミ,パオジアン
イーユイ,キノガッサ,ハッサム,ハバタクカミ,パオジアン,マリルリ
イーユイ,カイリュー,キョジオーン,テツノツツミ,テツノブジン,パオジアン
ウーラオス,カイリュー,ガチグマ,ハバタクカミ,パオジアン,ロトム
アーマーガア,オオニューラ,ディンルー,ドラパルト,ファイアロー,ボーマンダ
ウーラオス,ガブリアス,サーフゴー,ハッサム,パオジアン,ロトム
イーユイ,ウーラオス,カイリュー,カバルドン,サーフゴー,ハバタクカミ
カイリュー,キノガッサ,クレベース,ドヒドイデ,ヘイラッシャ,ラッキー
ウーラオス,カイリュー,ガチグマ,ジバコイル,ドラパルト,ハバタクカミ
イダイトウ,ウーラオス,キノガッサ,クエスパトラ,ハバタクカミ,パオジアン
カイリュー,ディンルー,ハバタクカミ,パオジアン,ヒードラン,ロトム
クレベース,ジュナイパー,ドヒドイデ,ハピナス,ヘイラッシャ,ラッキー
ウーラオス,カイリュー,キョジオーン,ハバタクカミ,パオジアン,メタモン
ウーラオス,サーフゴー,ダイケンキ,ドラパルト,ハバタクカミ,ランドロス
カイリュー,ガチグマ,キノガッサ,サーフゴー,テツノツツミ,ミミッキュ
ウーラオス,ガブリアス,サーフゴー,テツノツツミ,パオジアン,モロバレル
イーユイ,ウーラオス,ガチグマ,ハバタクカミ,ミミッキュ,ユクシー
イーユイ,テツノカイナ,ハッサム,ハバタクカミ,モロバレル,ランドロス
イーユイ,カイリュー,チオンジェン,テツノツツミ,ドヒドイデ,ランドロス
ウーラオス,カイリュー,サーフゴー,ハッサム,ハバタクカミ,パオジアン
イーユイ,カイリュー,キョジオーン,ゴリランダー,ハバタクカミ,パオジアン
ウーラオス,サンダー,サーフゴー,ハバタクカミ,パオジアン,ランドロス
イーユイ,カイリュー,ガチグマ,ハッサム,ハバタクカミ,パオジアン
イーユイ,ハバタクカミ,パオジアン,ヘイラッシャ,モロバレル,ランドロス
イダイトウ,カイリュー,ガチグマ,ハバタクカミ,パオジアン,ミミッキュ
カイリュー,キノガッサ,コノヨザル,サンダー,デカヌチャン,ハバタクカミ
サーフゴー,ドオー,ヒードラン,フワライド,ヘイラッシャ,マルマイン
イーユイ,ウーラオス,カイリュー,キノガッサ,サーフゴー,ミミッキュ
ウーラオス,カイリュー,サンダー,ヌメルゴン,ハバタクカミ,パオジアン
ウーラオス,カイリュー,ガチグマ,ヌメルゴン,ハバタクカミ,パオジアン
ウルガモス,カイリュー,キノガッサ,セグレイブ,ハバタクカミ,ミミッキュ
ガブリアス,ハッサム,ハバタクカミ,モロバレル,ルカリオ,ロトム
カイリュー,カバルドン,ガブリアス,サーフゴー,テツノツツミ,ドラパルト
キラフロル,テツノツツミ,ハッサム,ハバタクカミ,パオジアン,パーモット
カイリュー,ガブリアス,テツノブジン,ディンルー,ドドゲザン,ハバタクカミ
ウーラオス,ジバコイル,チオンジェン,ドオー,ハバタクカミ,パオジアン
イーユイ,カイリュー,カバルドン,ゴリランダー,ハッサム,ハバタクカミ
カイリュー,サーフゴー,ディンルー,バクフーン,パオジアン,ヘイラッシャ
ウーラオス,コータス,ジバコイル,ドラパルト,ハバタクカミ,ランドロス
ウェーニバル,ウーラオス,オオニューラ,コノヨザル,テツノブジン,ドレディア
ウーラオス,カイリュー,カバルドン,サーフゴー,テツノツツミ,ハバタクカミ
イダイトウ,カイリュー,ガブリアス,ハバタクカミ,ミカルゲ,ラブトロス
ウーラオス,カイリュー,ディンルー,ハッサム,ハバタクカミ,ヒードラン
サーフゴー,ドドゲザン,ハバタクカミ,パオジアン,フワライド,マルマイン
ウーラオス,サーフゴー,ディンルー,ドヒドイデ,ハバタクカミ,ロトム
ウーラオス,カイリュー,サーフゴー,ディンルー,ハバタクカミ,ボルトロス
ウインディ,ウーラオス,ガブリアス,サンダー,ハバタクカミ,パオジアン
イダイトウ,コノヨザル,ハッサム,ハバタクカミ,ペリッパー,ランドロス
イーユイ,オオニューラ,サーフゴー,テツノツツミ,パオジアン,ランドロス
カイリュー,キノガッサ,ドヒドイデ,ハピナス,ヘイラッシャ,ラッキー
ウーラオス,カイリュー,キノガッサ,サーフゴー,ハバタクカミ,ヒードラン
イーユイ,ウーラオス,サンダー,テツノブジン,デカヌチャン,モロバレル
カイリュー,サーフゴー,ハッサム,ハバタクカミ,バンギラス,ロトム
ウーラオス,カイリュー,サーフゴー,ハバタクカミ,ミミッキュ,レジエレキ
カイリュー,サーフゴー,テツノツツミ,ドオー,パオジアン,ヘイラッシャ
ウルガモス,ガチグマ,サンダー,セグレイブ,ハバタクカミ,ヘイラッシャ
イーユイ,ウーラオス,サーフゴー,ジバコイル,ハバタクカミ,ランドロス
ウーラオス,エースバーン,カイリュー,ハバタクカミ,パオジアン,モロバレル
イーユイ,ウーラオス,カイリュー,ディンルー,ハバタクカミ,ミミッキュ
ウーラオス,カイリュー,サーフゴー,セグレイブ,ハバタクカミ,ヘイラッシャ
カイリュー,サーフゴー,チオンジェン,ドオー,ハバタクカミ,ヘイラッシャ
ウーラオス,ハッサム,ハバタクカミ,ランドロス,レジエレキ,レジドラゴ
イダイトウ,イーユイ,オオニューラ,バサギリ,ボルトロス,ミミッキュ
イダイトウ,オオニューラ,カイリュー,ゴリランダー,スナノケガワ,ペリッパー
ウーラオス,サーフゴー,ディンルー,ハバタクカミ,パオジアン,マスカーニャ
イーユイ,サーフゴー,チオンジェン,テツノツツミ,ドオー,ロトム
イーユイ,ウーラオス,サーフゴー,チオンジェン,トリトドン,ドヒドイデ
キノガッサ,ディンルー,ハバタクカミ,パオジアン,ヘイラッシャ,ボルトロス
ウーラオス,カイリュー,キョジオーン,ハバタクカミ,パオジアン,ランドロス
アーマーガア,イーユイ,ゴチルゼル,ドヒドイデ,ヘイラッシャ,ラッキー
クレベース,ゴチルゼル,ドヒドイデ,ヘイラッシャ,ミミズズ,ラッキー
イッカネズミ,ジバコイル,テツノイバラ,テツノコウベ,ハバタクカミ,ポットデス
カイリュー,クエスパトラ,ハバタクカミ,ハリーマン,ヒードラン,ミミッキュ
カイリュー,ジバコイル,ハバタクカミ,パオジアン,ヘイラッシャ,ミミッキュ
イダイトウ,カマスジョー,ドヒドイデ,ヘイラッシャ,ペリッパー,ヤドキング
イダイトウ,カイリュー,ディンルー,ハバタクカミ,ヒードラン,ヘイラッシャ
ウーラオス,カイリュー,コノヨザル,ドドゲザン,ハバタクカミ,パオジアン
イーユイ,カイリュー,ゴリランダー,サーフゴー,テツノカイナ,パオジアン
オオニューラ,カイリュー,サーフゴー,テツノツツミ,ハバタクカミ,パオジアン
イーユイ,ガチグマ,ゲッコウガ,ドドゲザン,ハバタクカミ,ボルトロス
ウーラオス,ゴチルゼル,ドラパルト,ヌメルゴン,ハバタクカミ,ランドロス
サザンドラ,セグレイブ,テツノブジン,テツノワダチ,ハッサム,レイスポス
ウーラオス,サンダー,テツノカイナ,ディンルー,ドヒドイデ,ハバタクカミ
イダイトウ,クエスパトラ,ディンルー,ハバタクカミ,パオジアン,ヘイラッシャ
オオニューラ,カイリュー,ディンルー,ハバタクカミ,ヒードラン,ヘイラッシャ
ウーラオス,カイリュー,テツノツツミ,ヌメルゴン,ハバタクカミ,パオジアン
ウーラオス,カイリュー,テツノドクガ,ディンルー,ハバタクカミ,パオジアン
アーマーガア,ウーラオス,カイリュー,ハバタクカミ,パオジアン,ミミッキュ
クエスパトラ,クレセリア,サーフゴー,チオンジェン,ハバタクカミ,ミミッキュ
ウーラオス,カイリュー,サーフゴー,テツノツツミ,ディンルー,ミミッキュ
チルタリス,ドオー,ドヒドイデ,ヘイラッシャ,ミミズズ,ラッキー
イダイトウ,カイリュー,サーフゴー,テツノツツミ,ディンルー,ミミッキュ
ウーラオス,カイリュー,カバルドン,ハバタクカミ,パオジアン,ランドロス
ウーラオス,カイリュー,ガブリアス,サーフゴー,テツノツツミ,ハバタクカミ
カイリュー,キノガッサ,サーフゴー,ディンルー,ハバタクカミ,パオジアン
イダイトウ,カイリュー,コノヨザル,ドドゲザン,ハバタクカミ,ペリッパー
ウーラオス,カイリュー,カバルドン,ガブリアス,サーフゴー,ハバタクカミ
ガブリアス,サーフゴー,ハッサム,ハバタクカミ,パオジアン,ロトム
ウーラオス,ジバコイル,ディンルー,ハバタクカミ,モロバレル,ランドロス
ウーラオス,サーフゴー,テツノカイナ,ディンルー,ハバタクカミ,ミミッキュ
ウーラオス,カイリュー,ゴリランダー,サーフゴー,ディンルー,ハバタクカミ
イダイトウ,エムリット,ガチグマ,コノヨザル,ペリッパー,レジエレキ
アーマーガア,ウーラオス,サザンドラ,ブラッキー,ランドロス,リーフィア
エースバーン,カイリュー,ガブリアス,ドヒドイデ,ヌメルゴン,パオジアン
ウルガモス,ウーラオス,オーロンゲ,ガブリアス,ハッサム,パオジアン
イーユイ,ヌメルゴン,パオジアン,モロバレル,ランドロス,ロトム
カバルドン,サーフゴー,チオンジェン,テツノドクガ,トドロクツキ,パオジアン
アーマーガア,キョジオーン,クレセリア,ドオー,ハピナス,ヘイラッシャ
ウーラオス,カイリュー,テツノツツミ,ドラパルト,パオジアン,ミミッキュ
ウーラオス,カイリュー,キノガッサ,サーフゴー,ハバタクカミ,パオジアン
イーユイ,キョジオーン,キラフロル,ドヒドイデ,ドラパルト,ラッキー
ガチグマ,キノガッサ,ドヒドイデ,ハピナス,ヘイラッシャ,ミミズズ
キラフロル,サーフゴー,テツノツツミ,ディンルー,トドロクツキ,ヘイラッシャ
イーユイ,テツノツツミ,ディンルー,ドヒドイデ,ヌメルゴン,ラブトロス
イダイトウ,イーユイ,コノヨザル,パオジアン,ミミッキュ,モロバレル
ウルガモス,ウーラオス,エーフィ,カイリュー,デカヌチャン,パオジアン
ウーラオス,カイリュー,サーフゴー,ドドゲザン,ハバタクカミ,レジエレキ
イーユイ,ウーラオス,カイリュー,ガブリアス,キョジオーン,ハバタクカミ
イダイトウ,ウルガモス,カイリュー,テツノブジン,ドドゲザン,ミミッキュ
イーユイ,ウーラオス,テツノカイナ,ハバタクカミ,モロバレル,ランドロス
イダイトウ,カイリュー,パオジアン,ヒードラン,ミミッキュ,ランドロス
イダイトウ,サーフゴー,テツノツツミ,ハギギシリ,フワライド,ミミッキュ
ウーラオス,コノヨザル,ハバタクカミ,パオジアン,ヒードラン,ランドロス
カイリュー,キノガッサ,サザンドラ,ソウブレイズ,ハバタクカミ,ロトム
ゴチルゼル,ハピナス,フワライド,ヘイラッシャ,モロバレル,ラッキー
カイリュー,クエスパトラ,ゴリランダー,サーフゴー,ドオー,ハバタクカミ
ウーラオス,オーガポン,カイリュー,キョジオーン,キラフロル,ディンルー
ウーラオス,オーガポン,カイリュー,ガチグマ,キョジオーン,サーフゴー
ウーラオス,カイリュー,キョジオーン,テツノドクガ,ハバタクカミ,パオジアン
ウーラオス,オーガポン,カイリュー,キョジオーン,ハバタクカミ,ロトム
ウーラオス,カイリュー,キョジオーン,ディンルー,ハバタクカミ,パオジアン
イーユイ,ウーラオス,カイリュー,チオンジェン,ハバタクカミ,パオジアン
ウーラオス,オーガポン,カイリュー,カバルドン,テツノツツミ,ハバタクカミ
ウーラオス,オーガポン,カイリュー,キラフロル,ハバタクカミ,パオジアン
ウーラオス,カイリュー,キョジオーン,サンダー,テツノカイナ,テツノツツミ
ウーラオス,オーガポン,カイリュー,サーフゴー,テツノドクガ,ハバタクカミ
イーユイ,ウーラオス,カイリュー,サーフゴー,ディンルー,ハバタクカミ
オーガポン,キチキギス,トドロクツキ,パオジアン,ラウドボーン,ランドロス
ウーラオス,カイリュー,キョジオーン,サーフゴー,テツノツツミ,パオジアン
イダイトウ,ウーラオス,オーガポン,カイリュー,ディンルー,ハバタクカミ
ウーラオス,オーガポン,ガブリアス,テツノツツミ,ドラパルト,ヒードラン
イーユイ,ウーラオス,カイリュー,カバルドン,ハバタクカミ,パオジアン
カイリュー,テツノブジン,ドドゲザン,ハバタクカミ,ランドロス,ロトム
イダイトウ,ウーラオス,カイリュー,サーフゴー,ハバタクカミ,パオジアン
ウーラオス,オーガポン,カイリュー,ハッサム,ハバタクカミ,ランドロス
ガブリアス,キラフロル,ゴリランダー,ドオー,ブラッキー,ロトム
ウーラオス,カイリュー,キョジオーン,キラフロル,ハバタクカミ,パオジアン
ウーラオス,カイリュー,ディンルー,ドヒドイデ,ハバタクカミ,ランドロス
ウーラオス,オーガポン,サケブシッポ,トドロクツキ,ヌメルゴン,ラウドボーン
ウーラオス,オーガポン,カイリュー,ヌメルゴン,ミミッキュ,ランドロス
イーユイ,カイリュー,サーフゴー,パオジアン,ヘイラッシャ,ランドロス
ウーラオス,オーガポン,カイリュー,カバルドン,ゴリランダー,ハバタクカミ
イーユイ,ウーラオス,カイリュー,セグレイブ,テツノツツミ,ハバタクカミ
ウーラオス,カイリュー,テツノドクガ,トドロクツキ,ハバタクカミ,パオジアン
オーガポン,ガブリアス,キョジオーン,テツノツツミ,ドヒドイデ,ロトム
ウーラオス,オーガポン,トドロクツキ,ハバタクカミ,ランドロス,レイスポス
カイリュー,キチキギス,シャワーズ,パオジアン,ランドロス,レイスポス
ウーラオス,オーガポン,ゴリランダー,パオジアン,ヒードラン,ランドロス
ウーラオス,オーガポン,カイリュー,ガブリアス,ハバタクカミ,ヘイラッシャ
オーガポン,カイリュー,キョジオーン,トドロクツキ,ドオー,ハバタクカミ
カイリュー,テツノカイナ,テツノツツミ,パオジアン,ヒードラン,ランドロス
イーユイ,ゴリランダー,サーフゴー,チオンジェン,ドヒドイデ,ランドロス
オーガポン,カイリュー,キョジオーン,サーフゴー,テツノツツミ,ランドロス
イーユイ,オーガポン,カイリュー,キラフロル,ジバコイル,ハバタクカミ
ウーラオス,オオニューラ,オーガポン,カイリュー,カバルドン,ハバタクカミ
イーユイ,カイリュー,キョジオーン,サーフゴー,ドドゲザン,パオジアン
クレセリア,クレベース,ドヒドイデ,ハピナス,ママンボウ,ヤドラン
ディンルー,ドドゲザン,ヌメルゴン,ハバタクカミ,ヘイラッシャ,ボルトロス
ウーラオス,オーガポン,カイリュー,キョジオーン,ドラパルト,ハバタクカミ
イダイトウ,イーユイ,オーガポン,テツノツツミ,パオジアン,ミミッキュ
オーガポン,コータス,テツノツツミ,ハッサム,ハバタクカミ,ランドロス
カイリュー,サーナイト,ハバタクカミ,パオジアン,ヒードラン,ランドロス
ウルガモス,カイリュー,ゴリランダー,サーフゴー,ハバタクカミ,パオジアン
イーユイ,ウーラオス,カイリュー,キョジオーン,ゴリランダー,パオジアン
イダイナキバ,オーガポン,キョジオーン,コノヨザル,ゴリランダー,ハバタクカミ
オーガポン,カイリュー,キョジオーン,ドオー,ハバタクカミ,パオジアン
アーマーガア,ウーラオス,カイリュー,テツノワダチ,ハバタクカミ,マスカーニャ
イーユイ,ガチグマ,サーフゴー,トドロクツキ,ミミッキュ,ユクシー
ウーラオス,ガブリアス,サンダー,チオンジェン,ハッサム,ハバタクカミ
ウーラオス,サンダー,サーフゴー,ヌメルゴン,ハバタクカミ,パオジアン
イダイトウ,ウーラオス,オーガポン,カイリュー,ガブリアス,ジバコイル
イイネイヌ,ウーラオス,オーガポン,サンダー,テツノツツミ,バサギリ
オーガポン,カイリュー,ゴリランダー,ゾロアーク,ハバタクカミ,ランドロス
オオニューラ,カイリュー,ゴリランダー,サーフゴー,テツノツツミ,ディンルー
イダイトウ,カイリュー,ガブリアス,キョジオーン,ゴリランダー,ハバタクカミ
イダイトウ,オーガポン,カイリュー,ガチグマ,テツノドクガ,フォレトス
イダイトウ,サーフゴー,トドロクツキ,ハバタクカミ,ヘイラッシャ,ランドロス
ウルガモス,カイリュー,コノヨザル,パオジアン,ヒードラン,モスノウ
オーガポン,ヌメルゴン,パオジアン,ヘイラッシャ,ミミッキュ,ランドロス
ウーラオス,ガブリアス,ジバコイル,ハッサム,ハバタクカミ,ランドロス
ドラパルト,ハバタクカミ,パオジアン,ブリガロン,ママンボウ,ロトム
ウーラオス,カイリュー,キョジオーン,テツノツツミ,ハバタクカミ,ヒードラン
カイリュー,ディンルー,ハッサム,ハバタクカミ,パオジアン,ヘイラッシャ
ウーラオス,オーガポン,クレセリア,セグレイブ,ハッサム,ハバタクカミ
ウーラオス,カイリュー,カバルドン,テツノドクガ,ハッサム,レイスポス
ウーラオス,オーガポン,カイリュー,ディンルー,ハバタクカミ,パオジアン
オーガポン,オーロンゲ,カイリュー,ガブリアス,ハバタクカミ,マスカーニャ
アーマーガア,イーユイ,ウーラオス,オーガポン,キョジオーン,レイスポス
ウーラオス,オーガポン,ガブリアス,ジバコイル,ハバタクカミ,ロトム
ガブリアス,サンダー,チオンジェン,テツノツツミ,テツノドクガ,ドドゲザン
イイネイヌ,イダイトウ,イルカマン,サケブシッポ,サザンドラ,デカヌチャン
ウーラオス,トドロクツキ,ハッサム,ハバタクカミ,マシマシラ,ユクシー
イーユイ,ウーラオス,サーフゴー,ドヒドイデ,ミミッキュ,ランドロス
ウーラオス,ガブリアス,キョジオーン,ゴリランダー,サンダー,ハバタクカミ
オーガポン,ケンタロス,ディンルー,ドヒドイデ,ヌメルゴン,ハバタクカミ
ウーラオス,オーガポン,カイリュー,ドオー,ハバタクカミ,ランドロス
アーマーガア,キノガッサ,ドヒドイデ,ハピナス,パオジアン,ヘイラッシャ
キラフロル,ドドゲザン,ハバタクカミ,パオジアン,ヘイラッシャ,ランドロス
ウーラオス,オーガポン,カイリュー,サーフゴー,ハバタクカミ,パオジアン
イーユイ,ウーラオス,カイリュー,キョジオーン,ドラパルト,ランドロス
オーガポン,キョジオーン,ヌメルゴン,ハバタクカミ,パオジアン,ランドロス
オーガポン,カイリュー,クレベース,テツノツツミ,ディンルー,ドヒドイデ
ウーラオス,カイリュー,ガチグマ,キノガッサ,サーフゴー,ハバタクカミ
ウーラオス,カイリュー,ガブリアス,サーフゴー,テツノツツミ,ミミッキュ
イーユイ,オーガポン,カイリュー,キョジオーン,ハバタクカミ,ランドロス
ウーラオス,ガブリアス,テツノツツミ,ヌメルゴン,ヘイラッシャ,ランドロス
キノガッサ,クレベース,ドヒドイデ,ハピナス,ヘイラッシャ,ラッキー
イダイナキバ,カイリュー,コノヨザル,ゴリランダー,ハバタクカミ,パオジアン
アーマーガア,ウーラオス,オーガポン,テツノコウベ,ハバタクカミ,パーモット
イダイトウ,ガブリアス,テツノカイナ,ハッサム,ハバタクカミ,ロトム
ウーラオス,オーガポン,ガブリアス,テツノカイナ,ハバタクカミ,ロトム
アーマーガア,オーガポン,テツノツツミ,ドオー,ヘイラッシャ,ラッキー
イダイトウ,カイリュー,キョジオーン,コノヨザル,ゴリランダー,ハバタクカミ
オーガポン,ゴリランダー,サーフゴー,テツノツツミ,パオジアン,ヘイラッシャ
ウーラオス,オーガポン,カイリュー,ガチグマ,サーフゴー,ハバタクカミ
イーユイ,ウーラオス,オーガポン,ガブリアス,サーフゴー,テツノツツミ
カイリュー,サーフゴー,セグレイブ,チオンジェン,テツノツツミ,ドヒドイデ
オーガポン,カイリュー,ジバコイル,ディンルー,ハバタクカミ,パオジアン
オーガポン,ゴリランダー,サーフゴー,バンギラス,メタモン,ランドロス
イーユイ,カイリュー,ゴリランダー,ディンルー,ハバタクカミ,ヘイラッシャ
オーガポン,カイリュー,ガブリアス,キノガッサ,テツノツツミ,ドドゲザン
イダイナキバ,オーガポン,カイリュー,カバルドン,テツノツツミ,マリルリ
カイリュー,クレセリア,コノヨザル,ストリンダー,テツノツツミ,ハッサム
ウーラオス,オーガポン,カイリュー,ガブリアス,サーフゴー,テツノツツミ
オーガポン,カイリュー,ガチグマ,ドドゲザン,パオジアン,ミミッキュ
ガチグマ,コノヨザル,ハバタクカミ,バサギリ,パオジアン,ボルトロス
カイリュー,カバルドン,サーフゴー,テツノツツミ,パオジアン,ランドロス
ウーラオス,オーガポン,カイリュー,ガブリアス,キョジオーン,サーフゴー
ウーラオス,オーガポン,カイリュー,コノヨザル,パオジアン,ブリムオン
イダイトウ,ウーラオス,オーガポン,チオンジェン,ハバタクカミ,パオジアン
イダイトウ,イーユイ,ウーラオス,ガブリアス,ハバタクカミ,パオジアン
イダイトウ,オーガポン,ガブリアス,サーナイト,ジバコイル,テツノツツミ
オーガポン,ガブリアス,ギャラドス,ゴリランダー,ハバタクカミ,バンギラス
ウーラオス,カイリュー,ガチグマ,キラフロル,サーフゴー,テツノツツミ
イダイトウ,カイリュー,ガチグマ,キノガッサ,テツノツツミ,ミミッキュ
イダイトウ,イダイナキバ,カイリュー,パオジアン,ヒードラン,ミミッキュ
イーユイ,ウーラオス,オーガポン,カイリュー,ドオー,ハバタクカミ
イダイトウ,イーユイ,ウーラオス,カイリュー,ディンルー,ハバタクカミ
ウーラオス,カイリュー,ガチグマ,セグレイブ,ゾロアーク,ハバタクカミ
オーガポン,カイリュー,ハバタクカミ,パオジアン,ヘイラッシャ,ミミッキュ
イーユイ,ウーラオス,チオンジェン,テツノコウベ,ディンルー,パオジアン
ウーラオス,カイリュー,ガブリアス,グレイシア,ドドゲザン,ハバタクカミ
オーガポン,カイリュー,キョジオーン,キラフロル,テツノツツミ,ドドゲザン
オーガポン,カイリュー,ガブリアス,ヌメルゴン,パオジアン,ミミッキュ
イーユイ,ウーラオス,オーガポン,サケブシッポ,ヌメルゴン,ランドロス
イルカマン,キョジオーン,サケブシッポ,サーフゴー,ディンルー,モロバレル
カイリュー,キラフロル,テツノツツミ,ディンルー,ハバタクカミ,ボルトロス
カイリュー,ドオー,ドヒドイデ,ヒードラン,ヘイラッシャ,ラッキー
サーフゴー,ディンルー,ドヒドイデ,ハバタクカミ,ランドロス,ロトム
ウーラオス,カイリュー,ハバタクカミ,ハリーマン,ヒードラン,ミミッキュ
ウーラオス,オーガポン,コノヨザル,ハバタクカミ,パオジアン,モロバレル
アーマーガア,クレベース,ドヒドイデ,ハピナス,ヘイラッシャ,ラッキー
ゲッコウガ,ゴリランダー,サーフゴー,ソウブレイズ,テツノブジン,ロトム
イーユイ,カイリュー,キノガッサ,ドヒドイデ,ヘイラッシャ,ラッキー
ウーラオス,カイリュー,ガチグマ,コノヨザル,ハバタクカミ,パオジアン
イダイトウ,イーユイ,セグレイブ,ディンルー,ハバタクカミ,ヘイラッシャ
オーガポン,カイリュー,ガブリアス,ゴリランダー,テツノブジン,ハバタクカミ
イダイトウ,オオニューラ,オーガポン,ゴリランダー,デカヌチャン,ペリッパー
ウーラオス,オーガポン,カイリュー,カバルドン,ハバタクカミ,パオジアン
イダイトウ,イーユイ,オーガポン,ディンルー,ボルトロス,ミミッキュ
クレベース,ドヒドイデ,ハピナス,ママンボウ,ヤドキング,ヤドラン
ウーラオス,カイリュー,ガチグマ,ジバコイル,ハバタクカミ,ヘイラッシャ
イーユイ,ウーラオス,ハッサム,ハバタクカミ,パオジアン,ランドロス
イーユイ,ウーラオス,カバルドン,ジバコイル,テツノツツミ,トドロクツキ
イルカマン,ウーラオス,オオニューラ,カイリュー,ハバタクカミ,ロトム
イーユイ,カイリュー,テツノツツミ,テツノブジン,ハッサム,ミミッキュ
ウインディ,ゴリランダー,サーフゴー,テツノブジン,テツノワダチ,レイスポス
イーユイ,オーガポン,キョジオーン,ドヒドイデ,ラッキー,ランドロス
ウーラオス,ゴリランダー,ハバタクカミ,パオジアン,ヒードラン,ランドロス
イダイトウ,オーガポン,カミッチュ,サケブシッポ,ディンルー,ドヒドイデ
イダイトウ,オーガポン,カイリュー,コノヨザル,ハバタクカミ,パオジアン
ウインディ,ウーラオス,ガブリアス,サンダー,トドロクツキ,ハバタクカミ
ウーラオス,ガブリアス,ゴリランダー,ディンルー,ハバタクカミ,ヒードラン
イーユイ,ウーラオス,オーガポン,ガブリアス,テツノツツミ,ハバタクカミ
キノガッサ,クレベース,ドオー,ドヒドイデ,ヘイラッシャ,ラッキー
カイリュー,ケンタロス,ゴリランダー,サーフゴー,テツノツツミ,ドオー
イダイトウ,ウーラオス,カイリュー,サーフゴー,ラブトロス,ランドロス
アーマーガア,キノガッサ,クレベース,ドヒドイデ,ヘイラッシャ,ラッキー
カイリュー,キチキギス,チオンジェン,テツノツツミ,ヒードラン,ランドロス
イーユイ,ウーラオス,オーガポン,ガブリアス,キチキギス,ヘイラッシャ
オーガポン,カイリュー,キョジオーン,キラフロル,テツノブジン,マリルリ
ウーラオス,オーガポン,カイリュー,ジバコイル,ディンルー,ハバタクカミ
イダイトウ,オーガポン,ガブリアス,クレセリア,サケブシッポ,ハバタクカミ
オーガポン,カイリュー,カバルドン,サーフゴー,テツノツツミ,パオジアン
イダイトウ,ウーラオス,カイリュー,ディンルー,ハバタクカミ,パオジアン
カイリュー,サーフゴー,ディンルー,トドロクツキ,ハバタクカミ,パオジアン
イダイトウ,オーガポン,カイリュー,コノヨザル,サーフゴー,ハバタクカミ
イーユイ,カイリュー,ガブリアス,テツノツツミ,デカヌチャン,ハバタクカミ
ウーラオス,オーガポン,カイリュー,カバルドン,サーフゴー,ハバタクカミ
イルカマン,オオニューラ,サーフゴー,ハバタクカミ,パオジアン,ミミッキュ
ウーラオス,ドラパルト,ヌメルゴン,ハバタクカミ,ブラッキー,ロトム
カイリュー,ジバコイル,テツノツツミ,パオジアン,マリルリ,ランドロス
イダイトウ,カバルドン,ガブリアス,ジバコイル,ハバタクカミ,パオジアン
ウーラオス,コノヨザル,サンダー,テツノツツミ,ハッサム,ミミッキュ
エーフィ,サンダース,シャワーズ,ニンフィア,ブラッキー,ブースター
オーガポン,ゴリランダー,サンダー,ハバタクカミ,パオジアン,ママンボウ
オーガポン,コノヨザル,サザンドラ,ハッサム,ハバタクカミ,ロトム
オーガポン,カイリュー,ジバコイル,テツノツツミ,ハバタクカミ,バサギリ
オーガポン,カイリュー,キョジオーン,ハバタクカミ,パオジアン,ランドロス
カイリュー,ガブリアス,キョジオーン,ハッサム,ハバタクカミ,パオジアン
ウーラオス,カイリュー,サーフゴー,ドドゲザン,ハバタクカミ,ロトム
ウーラオス,オーガポン,カイリュー,サーフゴー,ディンルー,ハバタクカミ
ウーラオス,カイリュー,ガチグマ,サーフゴー,ドヒドイデ,ハバタクカミ
ウーラオス,オーガポン,カイリュー,ガチグマ,トドロクツキ,ハバタクカミ
オーガポン,テツノドクガ,トドロクツキ,ハバタクカミ,ヘイラッシャ,ランドロス
ウーラオス,オーガポン,カイリュー,ガチグマ,キュウコン,ヤドキング
イーユイ,ウーラオス,カイリュー,チオンジェン,ドヒドイデ,ハバタクカミ
ウーラオス,オーガポン,カイリュー,キョジオーン,キラフロル,テツノツツミ
ウーラオス,オーガポン,カイリュー,サーフゴー,ハバタクカミ,ランドロス
ウーラオス,カイリュー,キョジオーン,サーフゴー,ハバタクカミ,パオジアン
ウーラオス,オーガポン,カイリュー,キョジオーン,ハバタクカミ,パオジアン
ウーラオス,オーガポン,カイリュー,ガチグマ,キュウコン,サーフゴー
アーマーガア,イーユイ,オーガポン,ガチグマ,ハバタクカミ,ランドロス
イーユイ,ウーラオス,カイリュー,サーフゴー,ハバタクカミ,パオジアン
オーガポン,カイリュー,ガチグマ,ハバタクカミ,パオジアン,ルカリオ
ウーラオス,オーガポン,カイリュー,ガチグマ,ハバタクカミ,パオジアン
イーユイ,ウーラオス,カバルドン,サーフゴー,トドロクツキ,モロバレル
オーガポン,カイリュー,ガチグマ,キノガッサ,クレセリア,ミミッキュ
ウーラオス,オーガポン,キラフロル,ディンルー,ドヒドイデ,ハバタクカミ
イーユイ,ガチグマ,キノガッサ,トドロクツキ,ハッサム,ロトム
イーユイ,ウーラオス,カイリュー,カバルドン,ハバタクカミ,ママンボウ
ウインディ,オーガポン,カバルドン,サーフゴー,テツノツツミ,トドロクツキ
ウーラオス,オーガポン,カイリュー,キョジオーン,サーフゴー,ハバタクカミ
イダイトウ,イーユイ,カイリュー,ガチグマ,ディンルー,ハバタクカミ
ウーラオス,カイリュー,ガブリアス,サーフゴー,チオンジェン,テツノドクガ
ウーラオス,カイリュー,ガチグマ,サケブシッポ,サーフゴー,テツノドクガ
ウーラオス,カイリュー,ガチグマ,ハッサム,ランドロス,レジエレキ
オーガポン,キノガッサ,コノヨザル,ハバタクカミ,パオジアン,ミミッキュ
イーユイ,カイリュー,ガチグマ,キノガッサ,パオジアン,ヘイラッシャ
ウーラオス,オーガポン,カイリュー,ストリンダー,ハッサム,ハバタクカミ
ウーラオス,オーガポン,カイリュー,キラフロル,サーフゴー,ハバタクカミ
ウーラオス,オーガポン,カイリュー,ガチグマ,キョジオーン,ハバタクカミ
ウーラオス,ガチグマ,ゴリランダー,ハバタクカミ,パオジアン,ランドロス
オーガポン,カイリュー,カバルドン,キノガッサ,テツノツツミ,ハバタクカミ
アーマーガア,ウーラオス,カイリュー,ガチグマ,パオジアン,ブリムオン
カイリュー,キラフロル,ドータクン,ハバタクカミ,パオジアン,ロトム
イーユイ,ウーラオス,カイリュー,キュウコン,ジバコイル,パオジアン
イーユイ,ウーラオス,カイリュー,ハッサム,ハバタクカミ,パオジアン
ウーラオス,オーガポン,カイリュー,ガチグマ,サケブシッポ,ハバタクカミ
ウーラオス,オーガポン,カイリュー,ガチグマ,キラフロル,ミミッキュ
イーユイ,カイリュー,グライオン,テツノカイナ,ハリーマン,マリルリ
イーユイ,ウーラオス,カイリュー,ハバタクカミ,パオジアン,ランドロス
イダイトウ,オーガポン,ガチグマ,クレセリア,コノヨザル,ペリッパー
イーユイ,オーガポン,カイリュー,サケブシッポ,ジャラランガ,テツノツツミ
ウーラオス,オーガポン,カイリュー,サーフゴー,テツノツツミ,ディンルー
アブリボン,オーガポン,ガチグマ,ガブリアス,ハバタクカミ,ヘイラッシャ
クレベース,テツノツツミ,ドヒドイデ,ハピナス,ヘイラッシャ,モロバレル
イダイトウ,イーユイ,オーガポン,カイリュー,カバルドン,ハバタクカミ
カイリュー,ガチグマ,サーフゴー,ハバタクカミ,ブラッキー,ミミッキュ
オオニューラ,カイリュー,ガチグマ,サザンドラ,パオジアン,ヘイラッシャ
ウーラオス,カイリュー,ゴリランダー,ヌメルゴン,ハバタクカミ,ランドロス
ウーラオス,オーガポン,カイリュー,ガチグマ,キノガッサ,ハバタクカミ
ウルガモス,カイリュー,ガチグマ,ゴリランダー,ハバタクカミ,パオジアン
カイリュー,クレベース,ゴウカザル,テツノツツミ,テツノブジン,ドドゲザン
ウーラオス,カイリュー,ガチグマ,チオンジェン,テツノドクガ,パオジアン
ウーラオス,カイリュー,ドヒドイデ,ハバタクカミ,フリーザー,ランドロス
イーユイ,ウーラオス,カイリュー,ガチグマ,サケブシッポ,ハバタクカミ
ウーラオス,オーガポン,カイリュー,ガチグマ,サーフゴー,ドヒドイデ
クレセリア,クレベース,ドヒドイデ,ハピナス,ピクシー,ママンボウ
ウインディ,カイリュー,キュウコン,ギャラドス,コノヨザル,ジバコイル
ウーラオス,カイリュー,ガチグマ,キラフロル,テツノツツミ,ハバタクカミ
オーガポン,カイリュー,スナノケガワ,ハバタクカミ,ヒードラン,ブラッキー
オーガポン,カイリュー,ガチグマ,クレセリア,サーフゴー,ミミッキュ
ウーラオス,カバルドン,サーフゴー,トドロクツキ,モロバレル,ロトム
イーユイ,ウーラオス,カイリュー,ガチグマ,ハバタクカミ,パオジアン
ウーラオス,カイリュー,カバルドン,テツノドクガ,トドロクツキ,ハバタクカミ
イーユイ,ウーラオス,カイリュー,キョジオーン,テツノツツミ,ハバタクカミ
アーマーガア,イーユイ,ウーラオス,ガブリアス,テツノツツミ,ヘイラッシャ
イーユイ,ウーラオス,カイリュー,ガチグマ,トドロクツキ,ハバタクカミ
アーマーガア,オオニューラ,オーガポン,ガブリアス,キョジオーン,テツノツツミ
オーガポン,カイリュー,ガチグマ,サケブシッポ,ハバタクカミ,パオジアン
アーマーガア,イーユイ,ウーラオス,ガチグマ,コノヨザル,テツノツツミ
イーユイ,カイリュー,ディンルー,ハバタクカミ,パオジアン,ランドロス
クレベース,ドヒドイデ,ヘイラッシャ,モロバレル,ラウドボーン,ラッキー
ウーラオス,カイリュー,ガチグマ,コノヨザル,サーフゴー,パオジアン
イーユイ,ウーラオス,ガブリアス,ギャラドス,ハバタクカミ,ランドロス
イダイトウ,カイリュー,ガチグマ,コノヨザル,テツノドクガ,マリルリ
ウーラオス,オーガポン,カイリュー,ガチグマ,クワガノン,ハバタクカミ
ウーラオス,サンダー,チオンジェン,テツノドクガ,ドドゲザン,ハバタクカミ
サーフゴー,ジャラランガ,ドドゲザン,ピクシー,フワライド,マルマイン
オオニューラ,カイリュー,テツノツツミ,ドータクン,パオジアン,レイスポス
ウーラオス,オーガポン,ガチグマ,トドロクツキ,ハバタクカミ,パオジアン
オーガポン,ガブリアス,キラフロル,ギャラドス,テツノカイナ,ハバタクカミ
ウーラオス,カイリュー,キラフロル,サーフゴー,ハバタクカミ,パオジアン
イダイトウ,ウーラオス,カイリュー,ガチグマ,ハバタクカミ,パオジアン
オオニューラ,カイリュー,ガチグマ,クレセリア,サーフゴー,ヌメルゴン
ウーラオス,カイリュー,サーフゴー,テツノツツミ,ディンルー,ヌメルゴン
イーユイ,ウーラオス,オーガポン,カイリュー,ハバタクカミ,パオジアン
オオニューラ,オーガポン,カイリュー,キョジオーン,ハバタクカミ,ランドロス
オーガポン,カイリュー,ガチグマ,コノヨザル,ゾロアーク,ハバタクカミ
オーガポン,ガブリアス,コータス,ハッサム,ハバタクカミ,ランドロス
ウーラオス,カイリュー,ガブリアス,ハッサム,ハバタクカミ,ランドロス
ウーラオス,オーガポン,カイリュー,ガチグマ,キラフロル,テツノツツミ
ウーラオス,オーガポン,カイリュー,カバルドン,キラフロル,ハバタクカミ
オオニューラ,オーガポン,カイリュー,ガチグマ,ハバタクカミ,ミロカロス
アーマーガア,ウーラオス,オーガポン,カイリュー,ガチグマ,キラフロル
ウーラオス,オーガポン,カイリュー,テツノツツミ,ヤドキング,ランドロス
サーフゴー,ジャラランガ,ピクシー,フワライド,マタドガス,ユキノオー
イーユイ,オーガポン,カイリュー,カバルドン,ガチグマ,ハバタクカミ
キノガッサ,クレベース,ドヒドイデ,パオジアン,ヘイラッシャ,ラッキー
イーユイ,ウーラオス,オーガポン,カバルドン,トドロクツキ,ハバタクカミ
イダイナキバ,チリーン,トドロクツキ,ハバタクカミ,ヒードラン,ヘイラッシャ
ウーラオス,オーガポン,カイリュー,ハバタクカミ,ヘイラッシャ,ミミッキュ
ウーラオス,カイリュー,ガチグマ,サーフゴー,ハッサム,ハバタクカミ
ウーラオス,カイリュー,ジバコイル,ハバタクカミ,ハリーセン,ランドロス
ウーラオス,オーガポン,ガチグマ,サケブシッポ,サーフゴー,トドロクツキ
イルカマン,ガチグマ,テツノカイナ,ヌメルゴン,ヤバソチャ,ランドロス
ウーラオス,オーガポン,ガチグマ,コノヨザル,バクフーン,ミミッキュ
アーマーガア,ガチグマ,キラフロル,サーフゴー,テツノブジン,トドロクツキ
イダイナキバ,ウルガモス,カイリュー,キラフロル,チオンジェン,テツノドクガ
イダイトウ,イーユイ,ウーラオス,オーガポン,カイリュー,テツノツツミ
ウーラオス,オオニューラ,オーガポン,クワガノン,テツノツツミ,ランドロス
イダイトウ,オーガポン,カイリュー,ガチグマ,クレセリア,ヒードラン
オオニューラ,オーガポン,シャワーズ,トドロクツキ,ハバタクカミ,ランドロス
イッカネズミ,イーユイ,ハバタクカミ,パオジアン,ポットデス,ユクシー
オーガポン,クレベース,グライオン,ドヒドイデ,ハピナス,ヘイラッシャ
アーボック,カイリュー,グライオン,ジャラランガ,ドドゲザン,ハバタクカミ
アーマーガア,イダイナキバ,クレセリア,ゴウカザル,ゴリランダー,ハバタクカミ
オーガポン,テツノツツミ,トドロクツキ,ドータクン,モルペコ,レイスポス
ウェーニバル,カイリュー,ガチグマ,コノヨザル,ハバタクカミ,フワライド
イーユイ,カイリュー,キョジオーン,ハッサム,ハバタクカミ,パオジアン
ウーラオス,カイリュー,セグレイブ,テツノカイナ,ハバタクカミ,ランドロス
ウーラオス,オーガポン,カイリュー,サンダー,パオジアン,ヒードラン
ウルガモス,ウーラオス,カイリュー,キョジオーン,テツノツツミ,ハバタクカミ
ウーラオス,オーガポン,カイリュー,テツノカイナ,ハバタクカミ,ミミッキュ
イルカマン,サケブシッポ,デカヌチャン,トドロクツキ,ラウドボーン,レイスポス
ウーラオス,オーガポン,カイリュー,ゴリランダー,ドータクン,ハバタクカミ
イーユイ,ウーラオス,テツノブジン,ハッサム,パオジアン,ロトム
ウーラオス,カイリュー,ガチグマ,ドオー,ハバタクカミ,パオジアン
エンペルト,カイリュー,コノヨザル,テツノツツミ,ハバタクカミ,パオジアン
ウーラオス,カイリュー,サンダー,テツノブジン,ポットデス,ヤバソチャ
ケンタロス,ディンルー,ヌメルゴン,バンギラス,ボーマンダ,ロトム
オーガポン,キノガッサ,コータス,トドロクツキ,ハバタクカミ,ランドロス
ウーラオス,オーガポン,カイリュー,ガチグマ,クレセリア,ミミッキュ
イダイナキバ,ウーラオス,オオニューラ,カイリュー,ガチグマ,レイスポス
カイリュー,クレセリア,ゴウカザル,ストリンダー,テツノツツミ,ハッサム
ウーラオス,クレセリア,グライオン,テツノドクガ,ドヒドイデ,ヘイラッシャ
ウーラオス,カイリュー,ゴリランダー,ディンルー,ハバタクカミ,パオジアン
ウーラオス,カイリュー,ガチグマ,キラフロル,ハバタクカミ,パオジアン
エンペルト,ガブリアス,ゴウカザル,ゴリランダー,サンダー,レイスポス
イーユイ,オオニューラ,キョジオーン,サーフゴー,パオジアン,ポットデス
オーガポン,カイリュー,サーフゴー,ノココッチ,ハバタクカミ,パオジアン
ウルガモス,オーガポン,ガチグマ,ジバコイル,トドロクツキ,パオジアン
ウーラオス,オーガポン,ガブリアス,キュウコン,ハバタクカミ,ロトム
ウーラオス,オーガポン,カイリュー,ガチグマ,ハバタクカミ,ミミッキュ
ウーラオス,オーガポン,カイリュー,キラフロル,ハバタクカミ,ミミッキュ
オーガポン,カイリュー,テツノカイナ,ドオー,ハバタクカミ,ミミッキュ
イダイトウ,ウルガモス,カイリュー,ガチグマ,キョジオーン,ハバタクカミ
ウーラオス,コノヨザル,ジバコイル,ドラパルト,ハバタクカミ,パオジアン
ウーラオス,カイリュー,カビゴン,グライオン,ハバタクカミ,ロトム
ウーラオス,カイリュー,ガチグマ,テツノツツミ,ハバタクカミ,ヒードラン
ウーラオス,カイリュー,ガチグマ,クワガノン,ハバタクカミ,パオジアン
キノガッサ,クレベース,ドオー,ドヒドイデ,ハピナス,ラウドボーン
ウーラオス,オーガポン,カイリュー,キョジオーン,テツノカイナ,ハバタクカミ
ウーラオス,カイリュー,ガチグマ,トドロクツキ,ハバタクカミ,ヘイラッシャ
アーマーガア,オーガポン,ジバコイル,トドロクツキ,モロバレル,ローブシン
イダイトウ,イーユイ,オオニューラ,ゴリランダー,デカヌチャン,ペリッパー
イダイトウ,イーユイ,ガチグマ,チオンジェン,ドラパルト,ミミッキュ
ウーラオス,オーガポン,カイリュー,コノヨザル,パオジアン,ヘイラッシャ
イーユイ,カイリュー,ドドゲザン,ハバタクカミ,パオジアン,ヘイラッシャ
ウーラオス,エーフィ,オーガポン,カイリュー,キラフロル,ミミッキュ
イーユイ,ウーラオス,オーガポン,カイリュー,カバルドン,ドラパルト
オーガポン,カイリュー,ガチグマ,キュウコン,トドロクツキ,ランドロス
カイリュー,ガチグマ,キュウコン,ハバタクカミ,メブキジカ,ランドロス
オーガポン,カイリュー,キラフロル,コノヨザル,テツノツツミ,ハバタクカミ
オーガポン,カイリュー,キョジオーン,サーフゴー,ハバタクカミ,ランドロス
オーガポン,カイリュー,ガチグマ,ディンルー,デカヌチャン,パオジアン
ウーラオス,オーガポン,カイリュー,ガチグマ,キョジオーン,テツノツツミ
イーユイ,ウーラオス,カイリュー,サンダー,ハバタクカミ,パオジアン
ウーラオス,オーガポン,カイリュー,ガチグマ,キラフロル,サーフゴー
イーユイ,ウーラオス,カイリュー,キョジオーン,ドヒドイデ,パオジアン
ウーラオス,カイリュー,キョジオーン,サーフゴー,ディンルー,ハバタクカミ
ウーラオス,オーガポン,カイリュー,ガチグマ,キュウコン,ハバタクカミ
イーユイ,ウーラオス,サーフゴー,トドロクツキ,モロバレル,ランドロス
ウーラオス,オーガポン,ガチグマ,キュウコン,ハバタクカミ,パオジアン
オーガポン,キラフロル,テツノツツミ,ディンルー,ドヒドイデ,ハバタクカミ
ウーラオス,ゴチルゼル,テツノカイナ,テツノドクガ,ニンフィア,ランドロス
ウーラオス,カイリュー,ガチグマ,ハバタクカミ,パオジアン,モロバレル
オーガポン,カイリュー,ガチグマ,キュウコン,サーフゴー,トドロクツキ
ウーラオス,オーガポン,カイリュー,ガチグマ,サーフゴー,パオジアン
イーユイ,ウーラオス,カイリュー,グライオン,マリルリ,マルノーム
ウーラオス,カイリュー,サーフゴー,テツノツツミ,ハバタクカミ,ランドロス
イーユイ,カイリュー,ディンルー,パオジアン,ヘイラッシャ,モロバレル
ウーラオス,ガブリアス,サーフゴー,ハッサム,ハバタクカミ,パオジアン
ウーラオス,カイリュー,ガチグマ,コノヨザル,ドオー,ハッサム
ウーラオス,オーガポン,オーロンゲ,ガチグマ,キョジオーン,ハバタクカミ
イダイトウ,コノヨザル,サーフゴー,ドラパルト,ハバタクカミ,ミミッキュ
オーガポン,カイリュー,ガチグマ,キノガッサ,ハバタクカミ,パオジアン
ウーラオス,カイリュー,サーフゴー,トドロクツキ,ハバタクカミ,ランドロス
ウーラオス,オーガポン,カイリュー,ガチグマ,キョジオーン,ドヒドイデ
ウルガモス,オーガポン,カバルドン,キラフロル,トドロクツキ,モスノウ
イーユイ,カイリュー,ディンルー,ヌメルゴン,ハバタクカミ,パオジアン
オーガポン,カイリュー,キラフロル,サーフゴー,ディンルー,ハバタクカミ
ウーラオス,カイリュー,ガチグマ,キョジオーン,テツノツツミ,ミミッキュ
ウーラオス,オーガポン,カイリュー,サーフゴー,ディンルー,パオジアン
ウーラオス,オオニューラ,カイリュー,ガチグマ,トドロクツキ,ボルトロス
ウーラオス,オーガポン,テツノカイナ,テツノドクガ,ハバタクカミ,ランドロス
イーユイ,ウーラオス,オーガポン,カイリュー,ディンルー,ハバタクカミ
ウインディ,オーガポン,カバルドン,キュウコン,サーフゴー,トドロクツキ
ウーラオス,オーガポン,カイリュー,ガチグマ,サーフゴー,ヌメルゴン
ウーラオス,カイリュー,ガチグマ,サーフゴー,ハバタクカミ,パオジアン
カイリュー,ガチグマ,サケブシッポ,サーフゴー,ハバタクカミ,パオジアン
ウーラオス,カイリュー,カバルドン,サーフゴー,パオジアン,ママンボウ
ウーラオス,カイリュー,キョジオーン,テツノカイナ,テツノドクガ,ハバタクカミ
イーユイ,ウーラオス,オーガポン,カイリュー,ガチグマ,ドータクン
イーユイ,カバルドン,キノガッサ,サーフゴー,トドロクツキ,マリルリ
イーユイ,オオニューラ,カイリュー,ゴリランダー,サーフゴー,テツノツツミ
ウーラオス,オーガポン,カイリュー,ハッサム,ハバタクカミ,ルカリオ
テツノツツミ,ドヒドイデ,ハピナス,ヘイラッシャ,モロバレル,ラウドボーン
ウーラオス,サーフゴー,トドロクツキ,ハバタクカミ,ヘイラッシャ,ランドロス
イダイトウ,オオニューラ,オーガポン,カイリュー,ガチグマ,ハバタクカミ
オーガポン,キュウコン,サーフゴー,トドロクツキ,ラウドボーン,ランドロス
ウーラオス,カイリュー,コノヨザル,ジバコイル,トドロクツキ,ハバタクカミ
カイリュー,テツノツツミ,ハバタクカミ,バサギリ,パオジアン,ラッキー
ウーラオス,カイリュー,ハバタクカミ,パオジアン,ヘイラッシャ,ランドロス
オーガポン,カイリュー,ガチグマ,サケブシッポ,テツノカイナ,ハバタクカミ
グライオン,ハバタクカミ,パオジアン,ママンボウ,モロバレル,ラウドボーン
イダイトウ,オーガポン,カイリュー,ハバタクカミ,パオジアン,ヘイラッシャ
イダイトウ,ウッウ,ガチグマ,コノヨザル,トドロクツキ,ハバタクカミ
イルカマン,カイリュー,カバルドン,テツノカイナ,テツノツツミ,トドロクツキ
イーユイ,オオニューラ,オーガポン,カイリュー,ガチグマ,ヘイラッシャ
カイリュー,ガチグマ,テツノカイナ,テツノツツミ,テツノドクガ,ミミッキュ
ウーラオス,エンペルト,カイリュー,ガチグマ,コノヨザル,ハバタクカミ
カイリュー,グライオン,ドラパルト,ハバタクカミ,ヘイラッシャ,ママンボウ
オーガポン,ガチグマ,ギャラドス,テツノカイナ,トドロクツキ,ハバタクカミ
カイリュー,クレッフィ,ゴリランダー,ハバタクカミ,ランドロス,ロトム
イーユイ,ウーラオス,カイリュー,ハバタクカミ,パオジアン,レイスポス
ウーラオス,カイリュー,ガチグマ,キョジオーン,サーフゴー,ミミッキュ
オーガポン,カイリュー,ガチグマ,キノガッサ,クレセリア,コノヨザル
イーユイ,コータス,トドロクツキ,ドレディア,ハバタクカミ,バサギリ
イーユイ,オーガポン,カイリュー,ハッサム,ハバタクカミ,ロトム
オーガポン,カイリュー,ドヒドイデ,ヌメルゴン,ハバタクカミ,パオジアン
ウーラオス,カイリュー,サーフゴー,パオジアン,ヘイラッシャ,ランドロス
ウーラオス,オーガポン,カイリュー,テツノドクガ,ディンルー,ハバタクカミ
ウーラオス,カイリュー,テツノカイナ,ドドゲザン,ハバタクカミ,ランドロス
オーガポン,カイリュー,ガチグマ,キョジオーン,ハバタクカミ,パオジアン
ウーラオス,オーガポン,ガチグマ,キョジオーン,サケブシッポ,テツノドクガ
オーガポン,カイリュー,ガチグマ,サーフゴー,パオジアン,ミミッキュ
ウーラオス,オーガポン,カイリュー,ドオー,ハバタクカミ,パオジアン
イーユイ,ウーラオス,カイリュー,ガチグマ,サーフゴー,テツノツツミ
キノガッサ,クレベース,ドヒドイデ,ハピナス,ヘイラッシャ,モロバレル
グライオン,チオンジェン,ドヒドイデ,ハバタクカミ,バンギラス,ランドロス
イーユイ,ウーラオス,カイリュー,テツノツツミ,ハバタクカミ,パオジアン
キノガッサ,サンダー,トドロクツキ,バサギリ,ブロロローム,ミロカロス
イーユイ,ウーラオス,カイリュー,テツノワダチ,ハバタクカミ,パオジアン
イダイナキバ,ウーラオス,オーガポン,カイリュー,ジバコイル,ヘイラッシャ
ウーラオス,オーガポン,カイリュー,キョジオーン,テツノドクガ,ハバタクカミ
オオニューラ,カイリュー,ガチグマ,テツノツツミ,パオジアン,ヘイラッシャ
ウルガモス,カバルドン,ジバコイル,トドロクツキ,ハバタクカミ,パオジアン
イーユイ,カイリュー,ガチグマ,クワガノン,トドロクツキ,ミミッキュ
カラミンゴ,ガチグマ,クエスパトラ,ストリンダー,ソウブレイズ,レジエレキ
イーユイ,ウーラオス,チオンジェン,トドロクツキ,ハリーマン,パオジアン
グライオン,ドラパルト,ハピナス,ヘイラッシャ,ママンボウ,ランドロス
ウーラオス,オーガポン,カイリュー,ガチグマ,ドドゲザン,ハバタクカミ
オーガポン,グライオン,ドラパルト,パオジアン,ママンボウ,ヤドキング
オオニューラ,カイリュー,ガチグマ,クレセリア,パオジアン,ランドロス
イーユイ,クレベース,ドヒドイデ,ハピナス,パオジアン,ヘイラッシャ
エースバーン,チリーン,トドロクツキ,ヌメルゴン,ハバタクカミ,ヘイラッシャ
イダイトウ,オーガポン,ガチグマ,コノヨザル,サケブシッポ,ハバタクカミ
ウーラオス,オオニューラ,カイリュー,ガチグマ,サーフゴー,ハバタクカミ
オオニューラ,クエスパトラ,ゴリランダー,サーフゴー,テツノブジン,パオジアン
ウーラオス,カイリュー,サーフゴー,テツノツツミ,パオジアン,ミミッキュ
カイリュー,ガチグマ,キノガッサ,トドロクツキ,パオジアン,マリルリ
イーユイ,カイリュー,キチキギス,グライオン,サーフゴー,ヘイラッシャ
ウーラオス,カイリュー,チオンジェン,テツノドクガ,ハバタクカミ,ランドロス
ウーラオス,オーガポン,ガチグマ,コノヨザル,サケブシッポ,トドロクツキ
ウーラオス,カイリュー,コノヨザル,ドオー,ハバタクカミ,パオジアン
オーガポン,カイリュー,カバルドン,ガブリアス,キュウコン,パオジアン
カイリュー,ガチグマ,キノガッサ,テツノドクガ,ハバタクカミ,パオジアン
ウーラオス,オーガポン,カイリュー,ガチグマ,コノヨザル,ハバタクカミ
イッカネズミ,ウーラオス,オーガポン,カイリュー,キノガッサ,ハバタクカミ
グライオン,ドヒドイデ,ドラパルト,バンギラス,ヘイラッシャ,ランドロス
イイネイヌ,イダイトウ,オーガポン,ガチグマ,コノヨザル,ミミッキュ
ウーラオス,ガチグマ,キョジオーン,キラフロル,トドロクツキ,ミミッキュ
アーマーガア,カイリュー,キラフロル,ハバタクカミ,パオジアン,ロトム
ウーラオス,オーガポン,カイリュー,ガチグマ,キラフロル,ハバタクカミ
アーマーガア,カイリュー,カラミンゴ,テツノコウベ,ボルトロス,ランドロス
ウーラオス,カイリュー,ガチグマ,テツノドクガ,ハバタクカミ,パオジアン
オーガポン,ガチグマ,クレセリア,ゴウカザル,サーフゴー,トドロクツキ
ウーラオス,カイリュー,ガチグマ,ハバタクカミ,パオジアン,ヘイラッシャ
イーユイ,カイリュー,サケブシッポ,サーフゴー,ハバタクカミ,ランドロス
イダイトウ,イーユイ,カイリュー,ガチグマ,コノヨザル,ディンルー
オーガポン,カイリュー,ガチグマ,サーフゴー,ハバタクカミ,パオジアン
イーユイ,ウーラオス,ジバコイル,バンギラス,モロバレル,ランドロス
ウーラオス,グライオン,チオンジェン,テツノドクガ,トドロクツキ,ハバタクカミ
オーガポン,ガブリアス,キュウコン,ハッサム,ハバタクカミ,ランドロス
オーガポン,サーフゴー,テツノツツミ,トドロクツキ,ハッサム,ランドロス
クレベース,ドヒドイデ,ハピナス,モロバレル,ヤドラン,ラッキー
ウーラオス,カイリュー,ガチグマ,ハッサム,ハバタクカミ,レジエレキ
オーガポン,カイリュー,キラフロル,ディンルー,ハバタクカミ,ヘイラッシャ
ウーラオス,カイリュー,ギャラドス,サーフゴー,ハバタクカミ,マンムー
オーガポン,ガチグマ,サケブシッポ,トドロクツキ,ハッサム,パオジアン
ウーラオス,カイリュー,サーフゴー,テツノツツミ,ドヒドイデ,ランドロス
ウーラオス,オーガポン,カイリュー,キョジオーン,ドヒドイデ,ハバタクカミ
クレベース,グライオン,ドラパルト,ハピナス,ピクシー,ヤドラン
ウーラオス,オーガポン,カイリュー,ガチグマ,ドヒドイデ,ハバタクカミ
アーマーガア,オーガポン,カイリュー,ガチグマ,ハバタクカミ,パオジアン
イーユイ,ウーラオス,カイリュー,ガチグマ,コノヨザル,マリルリ
ガチグマ,クレセリア,クワガノン,テツノカイナ,バクフーン,パオジアン
グライオン,ドヒドイデ,ドラパルト,パオジアン,ヘイラッシャ,ラッキー
カイリュー,キラフロル,サーフゴー,ディンルー,トドロクツキ,ハバタクカミ
オーガポン,カイリュー,テツノカイナ,ハバタクカミ,パオジアン,ランドロス
オオニューラ,オーガポン,カイリュー,ガチグマ,テツノツツミ,ハバタクカミ
ウーラオス,タギングル,ドヒドイデ,ハバタクカミ,パーモット,ランドロス
クレベース,グライオン,ドヒドイデ,ハピナス,ヘイラッシャ,モロバレル
アーマーガア,イーユイ,カイリュー,キラフロル,トドロクツキ,パオジアン
オーガポン,オーロンゲ,カイリュー,ガチグマ,コノヨザル,ハバタクカミ
アーマーガア,イーユイ,ウーラオス,キチキギス,チオンジェン,トドロクツキ
ウーラオス,オーガポン,カイリュー,ガチグマ,テツノツツミ,パオジアン
イダイトウ,オーガポン,カイリュー,ガチグマ,キョジオーン,トドロクツキ
ウーラオス,カイリュー,ガチグマ,キュウコン,サーフゴー,ハバタクカミ
イダイトウ,オーガポン,ガチグマ,クレセリア,ドドゲザン,ペリッパー
キノガッサ,クレベース,テツノツツミ,ドヒドイデ,ハピナス,ヘイラッシャ
イダイナキバ,ウーラオス,オオニューラ,キノガッサ,コノヨザル,ブリガロン
イーユイ,オオニューラ,テツノワダチ,パオジアン,マリルリ,ルチャブル
イーユイ,カイリュー,ガチグマ,サーフゴー,ハバタクカミ,パオジアン
イダイトウ,イーユイ,オオニューラ,カイリュー,ガチグマ,ハバタクカミ
テツノツツミ,ドヒドイデ,ハピナス,ヘイラッシャ,ラウドボーン,ラッキー
ウーラオス,オーガポン,カイリュー,キラフロル,シビルドン,ハバタクカミ
ウーラオス,オーガポン,カイリュー,テツノツツミ,ディンルー,ハバタクカミ
カイリュー,ガチグマ,サーフゴー,ハッサム,ハバタクカミ,ママンボウ
ウーラオス,カイリュー,ガチグマ,テツノツツミ,ハッサム,ランドロス
イーユイ,ウーラオス,カイリュー,キョジオーン,サーフゴー,パオジアン
ウーラオス,オーガポン,ハッサム,ハバタクカミ,パオジアン,ランドロス
ウーラオス,オーガポン,サーフゴー,トドロクツキ,モロバレル,ランドロス
ウーラオス,オーガポン,ガチグマ,ドヒドイデ,ハバタクカミ,ランドロス
イーユイ,ウーラオス,オーガポン,カイリュー,キョジオーン,ハバタクカミ
オーガポン,ガチグマ,キュウコン,トドロクツキ,ハバタクカミ,ランドロス
ガチグマ,コータス,トドロクツキ,ハッサム,ハバタクカミ,ラブトロス
イダイトウ,イーユイ,カイリュー,ディンルー,ハバタクカミ,ヘイラッシャ
ウーラオス,カイリュー,ガチグマ,ハバタクカミ,パオジアン,ミミッキュ
イーユイ,ウーラオス,カイリュー,ガブリアス,キノガッサ,ハッサム
ガチグマ,キュウコン,ゴリランダー,サーフゴー,トドロクツキ,ランドロス
クレベース,グライオン,ドヒドイデ,ハピナス,ヘイラッシャ,ラウドボーン
イダイトウ,カイリュー,クレベース,トドロクツキ,ハバタクカミ,パオジアン
イダイトウ,オーガポン,カイリュー,ディンルー,ハバタクカミ,パオジアン
アーマーガア,カイリュー,サーフゴー,ドオー,ドラパルト,マスカーニャ
イダイトウ,カイリュー,ガチグマ,パオジアン,ヒードラン,ミミッキュ
カミッチュ,クレベース,グライオン,サーフゴー,ハピナス,ヘイラッシャ
イーユイ,オーガポン,テツノカイナ,ハバタクカミ,モロバレル,ランドロス
イーユイ,ウーラオス,ドドゲザン,ハバタクカミ,パオジアン,ヘイラッシャ
オーガポン,カイリュー,ガチグマ,ハバタクカミ,ハピナス,パオジアン
イーユイ,ウーラオス,オーガポン,カイリュー,キョジオーン,サーフゴー
ウーラオス,オーガポン,カイリュー,ガチグマ,デカヌチャン,ハバタクカミ
ウルガモス,カイリュー,キラフロル,サーフゴー,テツノツツミ,パオジアン
クレセリア,クレベース,ドヒドイデ,ハピナス,ラウドボーン,ラッキー
ウーラオス,オーガポン,カイリュー,ハバタクカミ,ハピナス,パオジアン
ウーラオス,オーガポン,カイリュー,サーフゴー,パオジアン,ランドロス
イーユイ,ジバコイル,パオジアン,ママンボウ,モロバレル,ランドロス
ウーラオス,カイリュー,キョジオーン,テツノツツミ,ドヒドイデ,ハピナス
オオニューラ,カイリュー,ガチグマ,サーフゴー,ハバタクカミ,パオジアン
ウーラオス,カイリュー,サーフゴー,ジバコイル,テツノツツミ,ハバタクカミ
オーロンゲ,グライオン,ゴチルゼル,パオジアン,ママンボウ,モロバレル
ウーラオス,グライオン,チオンジェン,ドヒドイデ,ドラパルト,ママンボウ
イダイトウ,オーガポン,カイリュー,ガチグマ,キョジオーン,ミミッキュ
ウーラオス,カイリュー,ガブリアス,サーフゴー,テツノカイナ,ハバタクカミ
オーガポン,ガチグマ,コータス,トドロクツキ,ハバタクカミ,バサギリ
ウーラオス,オーガポン,ガブリアス,キュウコン,サケブシッポ,ハバタクカミ
ウーラオス,カイリュー,ガチグマ,コータス,ヌメルゴン,パオジアン
イーユイ,カイリュー,キラフロル,チオンジェン,ハバタクカミ,ラッキー
グライオン,ドヒドイデ,ハピナス,ヘイラッシャ,モロバレル,ラウドボーン
サケブシッポ,チオンジェン,ドラパルト,ハッサム,ランドロス,ロトム
オーガポン,カイリュー,ガチグマ,キノガッサ,コノヨザル,ハバタクカミ
ウーラオス,カイリュー,ジバコイル,チオンジェン,テツノドクガ,ランドロス
ウーラオス,オーガポン,カイリュー,ガチグマ,テツノツツミ,ハバタクカミ
イルカマン,エンペルト,ガチグマ,ケンタロス,ボーマンダ,ママンボウ
オーガポン,カイリュー,ガチグマ,テツノツツミ,ディンルー,パオジアン
イエッサン,イーユイ,オオニューラ,コノヨザル,マリルリ,ランドロス
ウーラオス,カイリュー,サーフゴー,テツノカイナ,テツノツツミ,ランドロス
オーガポン,カイリュー,コノヨザル,ハバタクカミ,パオジアン,ヒードラン
オニゴーリ,オーガポン,カイリュー,ゴウカザル,ストリンダー,ハバタクカミ
イーユイ,カイリュー,ガチグマ,ヌメルゴン,ハバタクカミ,パオジアン
オーガポン,ガチグマ,ゴウカザル,パオジアン,ブラッキー,リーフィア
イダイトウ,ウーラオス,エムリット,オーガポン,ガチグマ,ミミッキュ
ウーラオス,カイリュー,サーフゴー,ハバタクカミ,パオジアン,ヘイラッシャ
カイリュー,ガチグマ,クレセリア,ゴリランダー,パオジアン,ミロカロス
ウーラオス,オーガポン,ガチグマ,テツノドクガ,ハバタクカミ,パオジアン
ウーラオス,カイリュー,ガチグマ,キョジオーン,テツノツツミ,ハッサム
イーユイ,オオニューラ,ガブリアス,ドドゲザン,ドラパルト,ロトム
ウーラオス,カイリュー,キョジオーン,ハバタクカミ,モロバレル,ランドロス
イーユイ,カイリュー,ガチグマ,コノヨザル,ハバタクカミ,パオジアン
ウーラオス,オーガポン,カイリュー,キョジオーン,テツノツツミ,ハバタクカミ
イダイトウ,カイリュー,ガチグマ,コノヨザル,ドヒドイデ,ペリッパー
ウーラオス,ガチグマ,サケブシッポ,ジバコイル,ハバタクカミ,ルカリオ
イダイトウ,サンダー,トドロクツキ,ニョロトノ,ハッサム,バサギリ
オオニューラ,カビゴン,サーフゴー,テツノカイナ,テツノツツミ,ランドロス
アーマーガア,サーフゴー,ディンルー,バクフーン,パオジアン,ヘイラッシャ
イダイトウ,オーガポン,ガチグマ,キノガッサ,ハッサム,ブリムオン
ウーラオス,カイリュー,キチキギス,チオンジェン,テツノワダチ,ハバタクカミ
イッカネズミ,ウーラオス,カイリュー,テツノワダチ,ハバタクカミ,ママンボウ
イダイトウ,ウーラオス,ヌメルゴン,バサギリ,ブリガロン,マシマシラ
カイリュー,ガチグマ,サーフゴー,ハッサム,ハバタクカミ,パオジアン
ウーラオス,オオニューラ,カイリュー,ガチグマ,トドロクツキ,ハバタクカミ
ウーラオス,カイリュー,サケブシッポ,サーフゴー,テツノカイナ,トドロクツキ
ウーラオス,オーガポン,カイリュー,ディンルー,ドヒドイデ,ハバタクカミ
オーガポン,キュウコン,サーフゴー,ニョロボン,パオジアン,ペリッパー
ウーラオス,オーガポン,サケブシッポ,ジバコイル,トドロクツキ,ランドロス
ウーラオス,カイリュー,サーフゴー,テツノカイナ,テツノドクガ,ランドロス
イルカマン,キラフロル,コノヨザル,サケブシッポ,テツノドクガ,トドロクツキ
オーガポン,ケンタロス,サーフゴー,テツノツツミ,ドドゲザン,ランドロス
ウーラオス,オーガポン,カイリュー,ガチグマ,ハッサム,ハバタクカミ
ウーラオス,オーガポン,カイリュー,ジバコイル,ハバタクカミ,パオジアン
イーユイ,ウーラオス,カイリュー,キョジオーン,サーフゴー,ハバタクカミ
ウーラオス,カイリュー,キョジオーン,キラフロル,パオジアン,ランドロス
イダイトウ,ウッウ,オオニューラ,ガチグマ,トドロクツキ,ハバタクカミ
イーユイ,ウーラオス,オオニューラ,カイリュー,ガチグマ,ハバタクカミ
ウーラオス,ギャラドス,サーフゴー,テツノカイナ,トドロクツキ,ランドロス
カイリュー,キノガッサ,テツノドクガ,ドヒドイデ,ハピナス,ヘイラッシャ
イーユイ,ウーラオス,ドオー,ハバタクカミ,パオジアン,マリルリ
ウーラオス,サーフゴー,ハバタクカミ,パオジアン,ラッキー,ランドロス
ウーラオス,クエスパトラ,テツノカイナ,ドラパルト,ハバタクカミ,ランドロス
イダイトウ,エムリット,オーガポン,カイリュー,ガチグマ,モスノウ
ウーラオス,サーフゴー,テツノカイナ,テツノツツミ,ハッサム,ハバタクカミ
イダイトウ,エンペルト,シャワーズ,フローゼル,ペリッパー,ルンパッパ
ウーラオス,カイリュー,キョジオーン,キラフロル,テツノツツミ,パオジアン
イエッサン,ウーラオス,オオニューラ,コノヨザル,テツノツツミ,ランドロス
アーマーガア,イイネイヌ,クエスパトラ,フワライド,マタドガス,ユキノオー
ウーラオス,カイリュー,サーフゴー,ハバタクカミ,ハリーセン,ランドロス
イダイトウ,カイリュー,クエスパトラ,ジャラランガ,ハバタクカミ,パオジアン
カイリュー,サーフゴー,テツノツツミ,ハバタクカミ,ハリーセン,ランドロス
アップリュー,ウーラオス,カイリュー,ガチグマ,サケブシッポ,ハバタクカミ
イダイトウ,オーガポン,カイリュー,キラフロル,サーフゴー,トドロクツキ
オーガポン,カイリュー,キュウコン,コノヨザル,サーフゴー,トドロクツキ
アチゲータ,サーフゴー,テツノツツミ,ハバタクカミ,ボルトロス,ランドロス
オーロンゲ,キノガッサ,サーフゴー,ドオー,ハバタクカミ,パーモット
イーユイ,オーロンゲ,クエスパトラ,タイカイデン,ニンフィア,マスカーニャ
